gene_rank_,gene_name,target_score,rank_JG,rank_JV,rank_ML,avg_rank,bias check,notes,apical,target_val,specificity,n_off_targets,off_targets,surface,p_positive_0.01,tx_id,tx_type,tx_score,tx_n_mem,tx_ecd,tx_summary,tx_n_aa,gly_n_link,gly_o_link,HPA,GTEX
1,LY6G6D,0.043,1.25,1.5,1.25,1.333333333,,"maybe skin, paper on a bispecific",not_apical,4.351;3.931,0.94,0,,0.19,0.58,ENST00000479334;ENST00000375824;ENST00000375825,NA;SP;SP,35;33;32,NA;0;0,NA-NA;155-155;114-114,NA;19S.155O;19S.114O,NA;174;133,,T40;T41,https://www.proteinatlas.org/ENSG00000244355-LY6G6D,https://gtexportal.org/home/gene/LY6G6D
44,PRAME,2.543,1.75,1.5,1.75,1.666666667,,we are already working on it,not_apical,0.54;0.26,0.38,3,appendix:tuft cell;eye:neuron-proliferating;ovary:non immune;testes:non immune;uterus:ciliated cell,0.12,0.4,ENST00000439106;ENST00000492657;ENST00000543184,GLOB;NA;GLOB,12;11;11,0;NA;0,NA-NA;NA-NA;NA-NA,201I;NA;509I,201;NA;509,,,https://www.proteinatlas.org/ENSG00000185686-PRAME,https://gtexportal.org/home/gene/PRAME
2,CYP2W1,0.157,1.75,1.75,1.5,1.666666667,,,not_apical,2.6;1.796,0.62,1,eye:LPC,0.75,0.78,ENST00000308919;ENST00000340150;ENST00000415893,SP+TM;GLOB;GLOB,56;36;5,1;0;0,1-1;NA-NA;NA-NA,10S.1O.10M.469I;408I;288I,490;408;288,N177,,https://www.proteinatlas.org/ENSG00000073067-CYP2W1,https://gtexportal.org/home/gene/CYP2W1
78,IZUMO2,3.471,1.75,2,1.45,1.733333333,,IHC on HPA is confounding,not_apical,0.183;0.089,0.38,0,testes:non immune,0.81,0.29,ENST00000594854;ENST00000293405;ENST00000486050,GLOB;SP+TM;SP,27;27;26,0;1;0,NA-NA;168-168;77-77,89I;20S.168O.21M.12I;16S.77O,89;221;93,N91,,https://www.proteinatlas.org/ENSG00000161652-IZUMO2,https://gtexportal.org/home/gene/IZUMO2
7,NOX1,1.243,2,1.5,1.75,1.75,,,not_apical,1.76;1.597,0.38,0,,0.81,0.94,ENST00000372966;ENST00000372960;ENST00000217885,TM;TM;TM,33;31;18,6;5;6,20-51;8-48;20-51,9I.22M.20O.21M.26I.23M.51O.21M.9I.21M.46O.20M.275I;8O.23M.34I.21M.48O.21M.10I.21M.45O.21M.275I;9I.22M.20O.21M.26I.23M.51O.21M.9I.21M.46O.20M.226I,564;527;515,N162;N236,,https://www.proteinatlas.org/ENSG00000007952-NOX1,https://gtexportal.org/home/gene/NOX1
35,TMEM211,2.414,1.75,2,1.5,1.75,,,not_apical,0.198;0.128,0.48,1,uterus:epithelial cell,0.88,0.6,ENST00000640159;ENST00000407886;ENST00000423535,TM;TM;TM,39;36;25,4;3;4,27-45;1-25;27-45,4I.18M.45O.26M.10I.21M.27O.21M.28I;1O.21M.10I.21M.25O.23M.28I;4I.18M.45O.26M.10I.21M.27O.21M.28I,200;129;200,,,https://www.proteinatlas.org/ENSG00000206069-TMEM211,https://gtexportal.org/home/gene/TMEM211
27,SPACA3,2.371,2,1.75,1.75,1.833333333,,Only 1 transcript seems to have surface membrane but seems likely to be on the surface,not_apical,0.343;0.173,0.54,0,testes:non immune,0.81,0.37,ENST00000580599;ENST00000394637;ENST00000269053,SP;NA;TM,50;18;18,0;NA;1,128-128;NA-NA;141-141,18S.128O;NA;64I.10M.141O,146;NA;215,,,https://www.proteinatlas.org/ENSG00000141316-SPACA3,https://gtexportal.org/home/gene/SPACA3
37,RXFP4,2.429,2,2,1.75,1.916666667,,how important are enteroendocrine cells,not_apical,0.262;0.186,0.41,1,colon:enteroendocrine,0.75,0.68,ENST00000368318,TM,100,7,17-39,39O.24M.14I.22M.17O.21M.22I.22M.27O.21M.18I.24M.18O.22M.63I,374,N5;N17,,https://www.proteinatlas.org/ENSG00000173080-RXFP4,https://gtexportal.org/home/gene/RXFP4
64,NPSR1,3.429,2.25,2.1,2,2.116666667,,ADC Target? Proteoform target>,not_apical,0.65;0.564,0.55,7,CNS_diencephalon:excitatory neuron-cerebral;CNS_diencephalon:resident neuron-diencephalon;CNS_hindbrain:interneuron-CHRM2+;CNS_hindbrain:resident neuron-hindbrain;CNS_midbrain:Dorsal Root ganglion cell;CNS_midbrain:excitatory neuron-midbrain;CNS_midbrain:interneuron,0.75,0.38,ENST00000465305;ENST00000381553;ENST00000360581,TM;TM;TM,18;15;13,1;3;7,52-52;16-52;14-52,52O.21M.21I;52O.21M.12I.21M.16O.19M.2I;52O.21M.11I.22M.16O.22M.20I.21M.23O.25M.42I.21M.14O.22M.39I,94;143;371,N4,,https://www.proteinatlas.org/ENSG00000187258-NPSR1,https://gtexportal.org/home/gene/NPSR1
6,NOTUM,1.243,2,2,2.5,2.166666667,,,not_apical,6.996;1.106,0.92,0,,0.06,0.69,ENST00000409678;ENST00000425009;ENST00000489218,SP;SP;NA,59;23;13,0;0;NA,474-474;273-273;NA-NA,22S.474O;22S.273O;NA,496;295;NA,N96,,https://www.proteinatlas.org/ENSG00000185269-NOTUM,https://gtexportal.org/home/gene/NOTUM
8,CT83,1.271,2,2.5,2,2.166666667,,Across other cancers as well (Gastric + Lung),not_apical,0.427;0.408,0.68,0,testes:non immune,0.81,0.14,ENST00000371894,SP+TM,80,1,1-1,10S.1O.10M.92I,113,N83,,https://www.proteinatlas.org/ENSG00000204019-CT83,https://gtexportal.org/home/gene/CT83
54,MUC17,3.386,2.5,2,2,2.166666667,,Just digestive off-target; maybe proteoform,apical,2.596;2.107,0.62,6,small_intestine:enterocyte;small_intestine:epithelial cell-progenitor;small_intestine:goblet cell;small_intestine:goblet cell-progenitor;small_intestine:paneth cell;small_intestine:TA-cycling,0.81,0.71,ENST00000306151;ENST00000379439;ENST00000497859,SP+TM;SP;NA,48;47;3,1;0;NA,4364-4364;4237-4237;NA-NA,25S.4364O.25M.79I;25S.4237O;NA,4493;4262;NA,N471;N696;N898;N1345;N2077;N2194;N3344;N4116;N4205;N4236;N4267;N4297;N4305,,https://www.proteinatlas.org/ENSG00000169876-MUC17,https://gtexportal.org/home/gene/MUC17
5,TDGF1,0.257,2.5,2.5,2,2.333333333,,,apical,1.122;1.112,0.36,2,thymus:cTEC;thymus:epithelial cell,0.31,0.88,ENST00000296145;ENST00000542931;ENST00000459867,SP;SP;NA,31;24;20,0;0;NA,158-158;151-151;NA-NA,30S.158O;21S.151O;NA,188;172;NA,N79,,https://www.proteinatlas.org/ENSG00000241186-TDGF1,https://gtexportal.org/home/gene/TDGF1
48,CEACAM6,3.343,2.5,2.5,2,2.333333333,,Likely tox similar to CEACAM5,apical,18.656;12.555,0.63,9,colon:enterocyte-BEST4+;common_bile_duct:cholangiocytes;eye:Conjunctival epithelial cell-superficial;lung:Alveolar epithelial cell-Type 1;lung:Alveolar epithelial cell-Type 2 signaling;lung:epithelial cell;lung:goblet cell;lung:mucous cell;rectum:enterocyte,0.81,0.98,ENST00000199764;ENST00000595740,SP+TM;SP,79;21,1;0,298-298;2-2,34S.298O.11M.1I;31S.2O,344;33,N104;N111;N115;N152;N173;N197;N224;N256;N274;N288;N292;N309,,https://www.proteinatlas.org/ENSG00000086548-CEACAM6,https://gtexportal.org/home/gene/CEACAM6
47,ANO9,3.343,2.25,3,2,2.416666667,,Looks golgi not cell surface,not_apical,4.463;4.203,0.53,7,colon:colonocyte;colon:enterocyte-BEST4+;colon:epithelial cell;small_intestine:enterocyte;small_intestine:goblet cell-progenitor;small_intestine:paneth cell;thymus:mTEC,0.81,1,ENST00000532094;ENST00000332826;ENST00000528927,NA;TM;NA,24;22;19,NA;8;NA,NA-NA;19-100;NA-NA,NA;190I.23M.47O.22M.51I.21M.19O.20M.30I.20M.100O.21M.34I.21M.84O.21M.58I;NA,NA;782;NA,N641;N652;N674;N690,,https://www.proteinatlas.org/ENSG00000185101-ANO9,https://gtexportal.org/home/gene/ANO9
63,DUOXA2,3.429,2.85,2.5,2,2.45,,Proteoform N glyocylation,not_apical,1.419;0.987,0.65,6,bladder:basal cell;bladder:umbrella cell;common_bile_duct:cholangiocytes;common_bile_duct:stem-like cell;prostate:club cell;prostate:hillock cell,0.81,0.71,ENST00000323030;ENST00000350243;ENST00000491993,TM;NA;TM,39;36;25,5;NA;1,21-102;NA-NA;23-23,21O.21M.8I.22M.102O.25M.4I.22M.22O.21M.52I;NA;23O.19M.79I,320;NA;121,N84;N109;N121,,https://www.proteinatlas.org/ENSG00000140274-DUOXA2,https://gtexportal.org/home/gene/DUOXA2
30,LY6G6E,2.4,2,3,2.5,2.5,,Surface? Unclear (Is called antigen byt nucleus by HPA),not_apical,0.188;0.115,0.88,0,,0.06,0.49,ENST00000409239;ENST00000399142;ENST00000450147,SP;SP;SP,32;25;22,0;0;0,37-37;74-74;40-40,51S.37O;26S.74O;26S.40O,88;100;66,,,https://www.proteinatlas.org/ENSG00000255552-LY6G6E,https://gtexportal.org/home/gene/LY6G6E
19,TCP11,1.314,2.75,2.5,2.25,2.5,,"Not convinced it is surface a good, lowish expression",not_apical,0.541;0.195,0.75,0,testes:macrophage;testes:non immune,0.19,0.12,ENST00000611141;ENST00000244645;ENST00000455706,GLOB;GLOB;GLOB,4;4;4,0;0;0,NA-NA;NA-NA;NA-NA,440I;441I;54I,440;441;54,,,https://www.proteinatlas.org/ENSG00000124678-TCP11,https://gtexportal.org/home/gene/TCP11
124,CEACAM1,4.471,2.95,1.9,2.75,2.533333333,SN bias,looks apical everywhere,apical,9.081;2.722,0.48,9,colon:colonocyte;colon:enterocyte;colon:enterocyte-BEST4+;kidney:Ascending vasa recta endothelium;kidney:Peritubular capillary endothelium;prostate:club cell;prostate:hillock cell;prostate:luminal cell;rectum:enterocyte,0.88,0.98,ENST00000161559;ENST00000403444;ENST00000352591,SP+TM;SP+TM;SP+TM,13;13;12,1;1;1,394-394;394-394;298-298,34S.394O.21M.77I;34S.394O.21M.15I;34S.298O.21M.77I,526;464;430,N104;N111;N115;N152;N182;N197;N208;N224;N232;N254;N274;N288;N292;N302;N309;N345;N351;N363;N378;N405,,,
95,SLC35D3,3.5,2.5,2.5,2.75,2.583333333,,,not_apical,0.122;0.082,0.4,2,pbmc:platelet;stomach:enteroendocrine,0.69,0.6,ENST00000331858,TM,100,10,7-18,8I.19M.15O.17M.19I.18M.13O.14M.6I.19M.7O.19M.14I.19M.18O.23M.4I.21M.8O.22M.113I,416,,,https://www.proteinatlas.org/ENSG00000182747-SLC35D3,https://gtexportal.org/home/gene/SLC35D3
3,SLC9A3,0.171,2.75,2.5,2.5,2.583333333,,"Apical all tissues, but unclear if losing restriction",apical,2.357;0.974,0.66,0,,0.94,0.98,ENST00000264938;ENST00000644203;ENST00000514375,SP+TM;SP+TM;SP+TM,44;38;13,13;13;13,3-29;3-29;3-29,25S.29O.21M.2I.29M.7O.15M.11I.28M.11O.22M.7I.21M.19O.28M.8I.21M.3O.16M.17I.19M.9O.25M.14I.17M.11O.21M.378I;25S.29O.21M.2I.29M.7O.15M.11I.29M.10O.22M.7I.21M.19O.28M.8I.21M.3O.16M.15I.21M.9O.25M.14I.17M.11O.21M.433I;25S.29O.21M.2I.29M.7O.15M.11I.28M.11O.22M.7I.21M.19O.28M.8I.21M.3O.16M.17I.19M.9O.25M.13I.18M.11O.21M.369I,834;889;825,N241;N326,,https://www.proteinatlas.org/ENSG00000066230-SLC9A3,https://gtexportal.org/home/gene/SLC9A3
53,CLDN18,3.371,2.5,3,2.25,2.583333333,,CLDN18.1 (isoform); doesnt look like therapeutic index,not_apical,7.823;2.218,0.8,9,lung:Alveolar epithelial cell-Type 1;lung:Alveolar epithelial cell-Type 2;lung:Alveolar epithelial cell-Type 2 signaling;lung:epithelial cell;small_intestine:goblet cell-progenitor;stomach:chief cell;stomach:enteroendocrine;stomach:fibroblast;stomach:mucous cell-gland,0.75,0.17,ENST00000343735;ENST00000183605;ENST00000479660,TM;TM;TM,49;28;23,4;4;3,32-53;32-53;10-53,7I.20M.53O.21M.17I.21M.32O.23M.67I;7I.20M.53O.21M.17I.21M.32O.23M.67I;7I.20M.53O.21M.15I.20M.10O,261;261;146,,,https://www.proteinatlas.org/ENSG00000066405-CLDN18,https://gtexportal.org/home/gene/CLDN18
12,TMEM252,1.271,2.75,3,2,2.583333333,,Seem decently expressed in healthy bulk and protein space,not_apical,0.545;0.312,0.61,0,,0.69,0.25,ENST00000377311,TM,100,2,11-11,6I.22M.11O.21M.110I,170,,,https://www.proteinatlas.org/ENSG00000181778-TMEM252,https://gtexportal.org/home/gene/TMEM252
18,CLDN2,1.3,2.75,3,2,2.583333333,,Basolateral in concerning tissues,not_apical,2.496;1.775,0.73,3,common_bile_duct:cholangiocytes;kidney:proximal tubule;kidney:proximal tubule-convoluted,0.88,0.85,ENST00000541806;ENST00000540876;ENST00000336803,TM;TM;TM,45;30;25,4;4;4,23-54;23-54;23-54,7I.20M.54O.21M.14I.21M.23O.21M.49I;7I.20M.54O.21M.14I.21M.23O.21M.49I;7I.20M.54O.21M.14I.21M.23O.21M.49I,230;230;230,,,https://www.proteinatlas.org/ENSG00000165376-CLDN2,https://gtexportal.org/home/gene/CLDN2
42,MOGAT3,2.457,3,2.75,2,2.583333333,SN bias,,not_apical,0.94;0.845,0.37,6,colon:colonocyte;colon:enterocyte-BEST4+;rectum:enterocyte;small_intestine:enterocyte;small_intestine:goblet cell-progenitor;small_intestine:paneth cell,0.81,0.97,ENST00000223114;ENST00000649999;ENST00000440203,TM;NA;TM,35;27;21,2;NA;2,2-2;NA-NA;2-2,28I.21M.2O.14M.276I;NA;28I.21M.2O.14M.279I,341;NA;344,N126,,https://www.proteinatlas.org/ENSG00000106384-MOGAT3,https://gtexportal.org/home/gene/MOGAT3
46,RNF43,3.343,2.5,3,2.5,2.666666667,SN bias,On everything but has some brain toxicity (ADC target?) - not sure its surface,not_apical,5.918;4.357,0.54,4,CNS_diencephalon:Ependymal cell;CNS_forebrain:astrocyte;CNS_hindbrain:astrocyte progenitor;CNS_midbrain:Ependymal cells,0.69,1,ENST00000584437;ENST00000577716;ENST00000407977,SP+TM;SP+TM;SP+TM,27;26;16,1;1;1,165-165;165-165;165-165,33S.165O.21M.564I;33S.165O.21M.564I;33S.165O.21M.564I,783;783;783,N62;N92,,https://www.proteinatlas.org/ENSG00000108375-RNF43,https://gtexportal.org/home/gene/RNF43
55,FERMT1,3.386,3,2.5,2.5,2.666666667,,Surface? Maybe therapeutic index,not_apical,6.274;5.242,0.51,9,appendix:epithelial cell;CNS_diencephalon:oligodendrocyte-mature;CNS_forebrain:oligodendrocyte;CNS_hindbrain:oligodendrocyte-Pons/medulla;CNS_midbrain:oligodendrocyte-Pons/medulla;CNS_telencephalon:oligodendrocyte-precursor cell;eye:Conjunctival basal cell;skin:keratinocytes-undiff;tongue:T cell,0.19,1,ENST00000217289;ENST00000536936;ENST00000378844,GLOB;GLOB;GLOB,53;32;12,0;0;0,NA-NA;NA-NA;NA-NA,677I;420I;146I,677;420;146,,,https://www.proteinatlas.org/ENSG00000101311-FERMT1,https://gtexportal.org/home/gene/FERMT1
16,AC005551.1,1.3,3.25,2,3,2.75,,just seems interesting and easy to make a binder to,not_apical,0.115;0.108,0.39,0,,0.62,0.42,ENST00000641816,TM,100,1,35-35,35O.21M.93I,149,,,https://www.proteinatlas.org/ENSG00000284638-AC005551.1,https://gtexportal.org/home/gene/AC005551.1
40,SLC52A3,2.443,3,2.75,2.5,2.75,,,apical,1.185;0.563,0.36,7,bladder:umbrella cell;CNS_diencephalon:endothelial cell;heart:endothelial cell-capillary;heart:endothelial cell-immune related;heart:endothelial cell-other;kidney:Connecting tubule;kidney:Principal cell;testes:non immune,0.88,1,ENST00000381944;ENST00000488495;ENST00000217254,TM;TM;TM,26;23;22,9;11;11,13-62;13-63;13-63,6I.19M.16O.21M.10I.21M.13O.21M.10I.21M.62O.21M.59I.21M.14O.20M.5I.23M.32O;6I.19M.17O.19M.11I.21M.13O.21M.10I.21M.63O.21M.57I.22M.14O.20M.5I.23M.13O.17M.14I.24M.18O;6I.19M.17O.19M.11I.21M.13O.21M.10I.21M.63O.21M.57I.22M.14O.20M.5I.23M.13O.17M.14I.24M.18O,415;469;469,N94;N168,,,
57,SLC26A3,3.386,3,2.75,2.5,2.75,,Stomac tox maybe; HPA CRC staining unclear,apical,9.208;6.464,0.74,9,appendix:enterocyte;colon:colonocyte;colon:enterocyte;colon:enterocyte-BEST4+;colon:epithelial cell;rectum:enterocyte;small_intestine:enterocyte;small_intestine:goblet cell-progenitor;small_intestine:paneth cell,0.75,0.69,ENST00000340010;ENST00000379083;ENST00000453332,TM;GLOB;TM,37;36;24,14;0;2,1-37;NA-NA;9-9,76I.18M.11O.14M.9I.10M.37O.21M.12I.21M.29O.21M.10I.17M.33O.21M.14I.10M.1O.10M.16I.21M.2O.21M.14I.13M.1O.18M.263I;52I;76I.19M.9O.14M.2I,764;52;120,N153;N161;N165,,https://www.proteinatlas.org/ENSG00000091138-SLC26A3,https://gtexportal.org/home/gene/SLC26A3
28,TMEM249,2.371,3,2.78,2.5,2.76,,,not_apical,0.819;0.189,0.58,0,testes:non immune,0.69,0.45,ENST00000565365;ENST00000562477;ENST00000561638,TM;GLOB;NA,46;30;24,2;0;NA,10-10;215-215;NA-NA,60I.18M.10O.16M.131I;215O;NA,235;215;NA,,,,
122,MUC12,4.443,2.95,2.5,3,2.816666667,Single Cell 3 bias:rectum-Mid,,not_apical,9.087;3.713,0.54,9,colon:colonocyte;colon:enterocyte;colon:enterocyte-BEST4+;colon:epithelial cell;colon:goblet cell;colon:mucous cell;colon:TA-cycling;rectum:enterocyte;rectum:enteroendocrine-intestinal,0.81,1,ENST00000536621;ENST00000379442;ENST00000305119,SP+TM;SP+TM;TM,54;26;7,1;1;1,5218-5218;5361-5361;51-51,16S.5218O.26M.75I;16S.5361O.26M.75I;51O.26M.17I,5335;5478;94,N154;N170;N176;N382;N738;N1793;N3350;N4433;N4571;N5169;N5182;N5197;N5228;N5264,,https://www.proteinatlas.org/ENSG00000205277-MUC12,https://gtexportal.org/home/gene/MUC12
26,SLC26A9,2.371,2.95,3,2.5,2.816666667,,,apical,1.374;0.34,0.61,0,,0.75,0.14,ENST00000367135;ENST00000367134;ENST00000340781,TM;TM;TM,23;22;20,14;14;14,1-35;1-35;1-35,74I.18M.11O.16M.4I.13M.35O.24M.7I.21M.29O.21M.10I.18M.30O.21M.16I.21M.16O.21M.2I.18M.16O.14M.1I.11M.1O.10M.292I;74I.18M.11O.16M.4I.13M.35O.24M.7I.21M.29O.21M.10I.18M.30O.21M.16I.21M.16O.21M.2I.18M.16O.14M.1I.11M.1O.10M.388I;74I.18M.11O.16M.4I.13M.35O.24M.7I.21M.29O.21M.10I.18M.30O.21M.16I.21M.16O.21M.2I.18M.16O.14M.1I.11M.1O.10M.388I,791;887;887,,,https://www.proteinatlas.org/ENSG00000174502-SLC26A9,https://gtexportal.org/home/gene/SLC26A9
45,CEACAM5,3.3,2,3,3.5,2.833333333,Single Cell 5 bias:rectum-High,On everything can we kill colon cell types? known lung tox,apical,25.817;23.032,0.73,9,appendix:enterocyte;colon:colonocyte;colon:enterocyte;colon:enterocyte-BEST4+;colon:epithelial cell;colon:goblet cell;rectum:enterocyte;rectum:enterocyte-Best4+;rectum:goblet,0.81,0.98,ENST00000221992;ENST00000398599;ENST00000405816,SP+TM;SP+TM;SP+TM,17;14;13,1;1;1,656-656;655-655;656-656,34S.656O.11M.1I;34S.655O.11M.1I;34S.656O.11M.1I,702;701;702,N104;N115;N152;N182;N197;N204;N208;N246;N256;N274;N288;N292;N309;N330;N351;N360;N375;N432;N466;N480;N508;N529;N553;N560;N580;N612;N650;N665,,https://www.proteinatlas.org/ENSG00000105388-CEACAM5,https://gtexportal.org/home/gene/CEACAM5
65,COX7B2,3.443,2,3,3.5,2.833333333,,,not_apical,0.259;0.001,0.61,0,testes:non immune,0.81,0.02,ENST00000355591;ENST00000396533;ENST00000543208,TM;TM;TM,11;3;2,1;1;1,20-20;20-20;20-20,37I.24M.20O;37I.24M.20O;36I.24M.20O,81;81;80,,,https://www.proteinatlas.org/ENSG00000170516-COX7B2,https://gtexportal.org/home/gene/COX7B2
49,CA9,3.357,2.75,3,3,2.916666667,,tox likely,not_apical,5.921;2.852,0.73,5,breast:basal cell;common_bile_duct:cholangiocytes;stomach:chief cell;stomach:mucous cell-gland;stomach:proliferating cell;testes:non immune,0.88,0.89,ENST00000378357;ENST00000617161;ENST00000493245,SP+TM;SP;NA,46;44;8,1;0;NA,377-377;319-319;NA-NA,37S.377O.21M.24I;37S.319O;NA,459;356;NA,N346,T115,https://www.proteinatlas.org/ENSG00000107159-CA9,https://gtexportal.org/home/gene/CA9
50,DPEP1,3.357,2.8,3,3,2.933333333,"Single Cell 5 bias:small_intestine-High,kidney-Low",Looks scary in pancreas,apical,7.78;5.068,0.7,8,kidney:proximal tubule-convoluted;pancreas:acinar cell;skin:fibroblast-mesenchymal;small_intestine:enterocyte;small_intestine:enteroendocrine;small_intestine:epithelial cell-progenitor;small_intestine:paneth cell;small_intestine:TA-cycling;testes:non immune,0.25,0.94,ENST00000564281;ENST00000261615;ENST00000421184,NA;SP;SP,19;18;17,NA;0;0,NA-NA;395-395;395-395,NA;16S.395O;16S.395O,NA;411;411,N57;N279;N332;N358,,https://www.proteinatlas.org/ENSG00000015413-DPEP1,https://gtexportal.org/home/gene/DPEP1
13,B3GNT6,1.286,2.5,3,3.5,3,,Signal peptide? prob secreted,not_apical,1.964;1.309,0.64,0,,0.06,0.29,ENST00000622824;ENST00000528622,SP;SP,61;39,0;0,358-358;88-88,26S.358O;33S.88O,384;121,N73;N77;N196,,,
11,PADI3,1.271,3,3,3,3,,"Low percent of patients, high expression in mucosal tissues",not_apical,0.543;0.507,0.36,0,,0.62,0.18,ENST00000375460,TM,100,1,259-259,259O.10M.395I,664,,,https://www.proteinatlas.org/ENSG00000142619-PADI3,https://gtexportal.org/home/gene/PADI3
34,HAVCR1,2.414,3,3,3,3,,,not_apical,0.876;0.118,0.42,0,,0.75,0.32,ENST00000625904;ENST00000339252;ENST00000518745,SP+TM;SP+TM;SP,29;22;17,1;1;0,275-275;275-275;203-203,20S.275O.21M.85I;20S.275O.21M.48I;20S.203O,401;364;223,N65;N263;N277;N291,,,
38,IL22RA1,2.429,3,3,3,3,,,not_apical,0.658;0.528,0.36,6,colon:colonocyte;pancreas:acinar cell;pancreas:acinar cell-REG+;pancreas:acinar cell-secretory;rectum:enterocyte;small_intestine:enterocyte,0.88,0.97,ENST00000270800,SP+TM,100,1,211-211,17S.211O.21M.325I,574,N80;N172,,,
56,LGR5,3.386,3,3,3,3,,CNS,not_apical,2.923;2.92,0.43,9,CNS_diencephalon:excitatory neuron-cerebral;CNS_diencephalon:oligodendrocyte-precursor cell;CNS_forebrain:oligodendrocyte-mature;CNS_hindbrain:oligodendrocyte-Pons/medulla;CNS_hindbrain:oligodendrocyte-Spinal cord;CNS_midbrain:oligodendrocyte-mature;CNS_midbrain:oligodendrocyte-myelin-forming;CNS_telencephalon:oligodendrocyte;uterus:luminal cell,0.88,0.95,ENST00000266674;ENST00000550851;ENST00000540815,SP+TM;NA;SP+TM,42;25;16,7;NA;7,8-540;NA-NA;8-516,21S.540O.22M.10I.23M.22O.22M.20I.21M.23O.21M.22I.24M.8O.24M.84I;NA;21S.516O.22M.10I.23M.22O.22M.20I.21M.23O.21M.22I.24M.8O.24M.84I,907;NA;883,N63;N77;N208;N500;N792,,,
140,TM4SF20,4.557,3,3,3,3,Single Cell 3 bias:small_intestine-Low,,not_apical,0.883;0.575,0.44,4,small_intestine:enterocyte;small_intestine:epithelial cell-progenitor;small_intestine:goblet cell-progenitor;small_intestine:paneth cell,0.81,0.74,ENST00000304568;ENST00000449706,TM;GLOB,94;6,4;0,14-81;14-14,13I.22M.14O.22M.17I.21M.81O.21M.18I;14O,229;14,,,https://www.proteinatlas.org/ENSG00000168955-TM4SF20,https://gtexportal.org/home/gene/TM4SF20
128,SNORC,4.5,3.25,3,2.75,3,Single Cell 5 bias:rectum-Low,,not_apical,6.162;1.698,0.48,9,appendix:epithelial cell;breast:luminal-secretory;CNS_hindbrain:oligodendrocyte-Pons/medulla;CNS_telencephalon:astrocyte;colon:goblet cell;colon:goblet cell-proliferating;colon:tuft cell;rectum:enteroendocrine-intestinal;rectum:stem-like/TA,0.69,0.52,ENST00000467665;ENST00000476690;ENST00000331342,NA;NA;SP+TM,33;20;15,NA;NA;1,NA-NA;NA-NA;67-67,NA;NA;24S.67O.24M.6I,NA;NA;121,,,,
20,TMPRSS3,1.343,3,3,3.25,3.083333333,,,not_apical,1.175;0.618,0.35,3,appendix:tuft cell;common_bile_duct:cholangiocytes;eye:neuron-proliferating,0.81,0.89,,,,,,,,N221,,https://www.proteinatlas.org/ENSG00000160183-TMPRSS3,https://gtexportal.org/home/gene/TMPRSS3
97,ALPG,3.514,2.9,3,3.5,3.133333333,,,not_apical,0.067;0.044,0.41,0,,0.19,0.15,ENST00000295453,SP,100,0,513-513,19S.513O,532,N141;N268,,,https://gtexportal.org/home/gene/ALPG
14,AQP12B,1.286,3.25,3.5,2.65,3.133333333,,,not_apical,0.185;0.116,0.62,1,pancreas:acinar cell,0.69,0.17,ENST00000414322;ENST00000407834;ENST00000621682,GLOB;TM;TM,28;19;19,0;7;6,41-41;7-26;22-37,41O;7O.14M.19I.17M.13O.17M.24I.21M.26O.22M.6I.20M.22O.21M.58I;7I.14M.37O.17M.24I.21M.26O.22M.8I.18M.22O.21M.58I,41;307;295,,,https://www.proteinatlas.org/ENSG00000185176-AQP12B,https://gtexportal.org/home/gene/AQP12B
134,DUOX2,4.529,2.95,3.5,3,3.15,,,apical,1.731;1.032,0.38,4,bladder:basal cell;bladder:umbrella cell;common_bile_duct:cholangiocytes;common_bile_duct:stem-like cell,0.81,0.82,ENST00000389039;ENST00000603300;ENST00000558383,SP+TM;SP+TM;NA,42;40;16,7;7;NA,7-572;7-573;NA-NA,25S.572O.22M.421I.23M.14O.25M.22I.25M.32O.26M.12I.19M.7O.14M.289I;24S.573O.22M.421I.23M.14O.25M.22I.25M.32O.26M.12I.19M.7O.14M.289I;NA,1548;1548;NA,N100;N348;N382;N455;N537,,https://www.proteinatlas.org/ENSG00000140279-DUOX2,https://gtexportal.org/home/gene/DUOX2
32,P2RY4,2.4,3,3,3.5,3.166666667,,Mega low expression,apical,0.006;0.006,0.46,2,salivary_gland:acinar cell;small_intestine:goblet cell,0.88,0.03,ENST00000374519,TM,33,7,11-35,35O.27M.9I.22M.12O.26M.19I.23M.23O.26M.23I.26M.11O.27M.56I,365,,,https://www.proteinatlas.org/ENSG00000186912-P2RY4,https://gtexportal.org/home/gene/P2RY4
121,MUC1,4.443,3,3,3.5,3.166666667,Single Cell 5 bias:rectum-Mid,,apical,23.818;4.131,0.51,9,bladder:umbrella cell;common_bile_duct:cholangiocytes;lung:Alveolar epithelial cell-Type 1;lung:Alveolar epithelial cell-Type 2;lung:Alveolar epithelial cell-Type 2 signaling;lung:goblet cell;rectum:goblet;small_intestine:goblet cell-progenitor;stomach:mucous cell-gland,0.81,1,ENST00000611571;ENST00000612778;ENST00000620103,SP+TM;SP+TM;SP+TM,6;6;6,1;1;1,1144-1144;369-369;359-359,23S.1144O.23M.72I;20S.369O.23M.72I;23S.359O.21M.72I,1262;484;475,N957;N975;N1029;N1055;N1133,T131;T139;S140;T144,https://www.proteinatlas.org/ENSG00000185499-MUC1,https://gtexportal.org/home/gene/MUC1
127,MUC13,4.471,3,3,3.5,3.166666667,Single Cell 5 bias:rectum-Mid,,apical,6.459;4.318,0.35,9,colon:colonocyte;colon:enterocyte;colon:enterocyte-BEST4+;rectum:enterocyte;rectum:enterocyte-Best4+;rectum:goblet;small_intestine:enterocyte;small_intestine:goblet cell;small_intestine:goblet cell-progenitor,0.88,0.98,ENST00000616727;ENST00000478191;ENST00000490147,SP+TM;SP;NA,64;18;14,1;0;NA,398-398;167-167;NA-NA,20S.398O.25M.69I;17S.167O;NA,512;184;NA,N151;N169;N193;N206;N284;N332,,https://www.proteinatlas.org/ENSG00000173702-MUC13,https://gtexportal.org/home/gene/MUC13
39,LEMD1,2.443,3,3.25,3.25,3.166666667,,,not_apical,1.213;0.346,0.35,1,breast:basal cell;testes:non immune,0.69,0.77,ENST00000367152;ENST00000367149;ENST00000367154,TM;GLOB;GLOB,17;15;14,1;0;0,7-7;NA-NA;NA-NA,112I.21M.7O;67I;108I,140;67;108,,,,
148,ANXA13,4.571,3.5,3,3,3.166666667,,,apical,2.12;1.442,0.4,9,appendix:tuft cell;colon:tuft cell;common_bile_duct:cholangiocytes;rectum:goblet;small_intestine:enterocyte;small_intestine:enteroendocrine;small_intestine:goblet cell;small_intestine:paneth cell;small_intestine:tuft cell,0.25,0.91,ENST00000262219;ENST00000419625;ENST00000520519,GLOB;GLOB;GLOB,43;36;9,0;0;0,NA-NA;NA-NA;NA-NA,357I;316I;113I,357;316;113,,,https://www.proteinatlas.org/ENSG00000104537-ANXA13,https://gtexportal.org/home/gene/ANXA13
138,SLC6A14,4.529,3.25,3.5,2.75,3.166666667,,,apical,3.153;1.401,0.42,9,eye:Conjunctival basal cell;eye:Conjunctival EMT/suprabasal;eye:Conjunctival epithelial cell-superficial;lung:Alveolar epithelial cell-Type 2;salivary_gland:B cell-memory;salivary_gland:neutrophil;salivary_gland:plasma cell;salivary_gland:salivary gland cell;trachea:basal cell,0.94,0.74,ENST00000598581;ENST00000463626,TM;NA,95;5,12;NA,2-90;NA-NA,44I.21M.6O.21M.24I.28M.90O.21M.8I.21M.26O.21M.24I.20M.25O.21M.34I.22M.2O.21M.26I.20M.16O.21M.59I;NA,642;NA,N155;N163;N174;N189;N197;N202;N230;N302,,https://www.proteinatlas.org/ENSG00000268104-SLC6A14,https://gtexportal.org/home/gene/SLC6A14
66,FAM9C,3.443,2.75,3.5,3.5,3.25,,"High (relative) Bulk on everything else? Only 1 pt, not seen in bulk",not_apical,0.267;0,0.73,0,ovary:non immune;testes:non immune,0.69,0.02,ENST00000542843;ENST00000333995;ENST00000468287,TM;GLOB;NA,18;16;5,1;0;NA,2-2;NA-NA;NA-NA,105I.21M.2O;166I;NA,128;166;NA,,,https://www.proteinatlas.org/ENSG00000187268-FAM9C,https://gtexportal.org/home/gene/FAM9C
31,NTSR1,2.4,3.5,3.5,2.75,3.25,,,not_apical,0.669;0.132,0.41,0,,0.88,0.2,ENST00000370501;ENST00000482259,TM;NA,69;31,7;NA,18-67;NA-NA,67O.20M.16I.20M.19O.21M.22I.21M.26O.25M.47I.21M.18O.21M.54I;NA,418;NA,N4;N37;N41,,,
52,CEACAM7,3.371,3.5,3.5,2.75,3.25,,,apical,13.362;7.627,0.86,9,appendix:enterocyte;colon:colonocyte;colon:enterocyte;colon:enterocyte-BEST4+;esophagus:epithelial cell-suprabasal;eye:Conjunctival EMT/suprabasal;eye:Conjunctival epithelial cell-superficial;rectum:enterocyte;rectum:enterocyte-Best4+,0.81,0.85,ENST00000006724;ENST00000401731;ENST00000602225,SP+TM;SP+TM;SP+TM,38;38;18,1;1;1,216-216;216-216;126-126,34S.216O.14M.1I;34S.216O.14M.1I;34S.126O.11M.1I,265;265;172,N57;N85;N105;N112;N174;N183;N198,,,
74,TPSG1,3.457,3.5,3.5,2.75,3.25,,,not_apical,1.308;0.913,0.49,4,colon:goblet cell;colon:goblet cell-proliferating;rectum:goblet;small_intestine:goblet cell,0.88,0.52,ENST00000234798;ENST00000564684,SP+TM;NA,51;49,1;NA,264-264;NA-NA,19S.264O.21M.17I;NA,321;NA,N85,,https://www.proteinatlas.org/ENSG00000116176-TPSG1,https://gtexportal.org/home/gene/TPSG1
15,PTP4A1,1.286,3.5,3.5,2.9,3.3,SN bias,"Don't believe surface, not specific on tumor cell",not_apical,2.28;1.29,0.55,2,liver:hepatocyte-pericentral;liver:hepatocyte-periportal,0.19,0.63,,,,,,,,,,https://www.proteinatlas.org/ENSG00000112245-PTP4A1,https://gtexportal.org/home/gene/PTP4A1
17,FIBCD1,1.3,3,3.5,3.5,3.333333333,,"Seems biased to all external data, through TME in external data",not_apical,0.947;0.75,0.36,1,eye:amacrine cell,0.69,0.75,ENST00000486250;ENST00000372338;ENST00000463475,NA;TM;NA,24;22;18,NA;1;NA,NA-NA;410-410;NA-NA,NA;30I.21M.410O;NA,NA;461;NA,N340,,https://www.proteinatlas.org/ENSG00000130720-FIBCD1,https://gtexportal.org/home/gene/FIBCD1
70,OR51G2,3.443,2.75,3.75,3.5,3.333333333,,Very low expression but bulk seems promising combined with single cell info - bulk is extremely low as well,not_apical,0.001;0,0.68,0,,0.81,0,ENST00000322013;ENST00000641926,TM;TM,13;5,7;7,10-33;10-33,29O.25M.9I.28M.11O.23M.23I.20M.33O.23M.21I.21M.10O.23M.15I;29O.25M.9I.28M.11O.23M.23I.20M.33O.23M.21I.21M.10O.23M.15I,314;314,N8,,https://www.proteinatlas.org/ENSG00000176893-OR51G2,https://gtexportal.org/home/gene/OR51G2
102,ALPP,3.529,3,3.5,3.5,3.333333333,,,not_apical,0.3;0.019,0.53,2,lung:Alveolar epithelial cell-Type 1;uterus:epithelial cell,0.31,0.08,ENST00000392027;ENST00000474529;ENST00000485563,SP;NA;NA,37;32;31,0;NA;NA,513-513;NA-NA;NA-NA,22S.513O;NA;NA,535;NA;NA,N144;N271,,https://www.proteinatlas.org/ENSG00000163283-ALPP,https://gtexportal.org/home/gene/ALPP
51,BAMBI,3.371,3.5,3.5,3,3.333333333,,expressing on stromal cells,not_apical,6.043;5.417,0.4,8,bladder:fibroblast;colon:myofibroblast;colon:stromal cell;common_bile_duct:stem-like cell;eye:Fibroblastic corneal endothelium;eye:retinal pigment epithelium;ovary:non immune;skin:melanocyte;skin:myocyte,0.88,0.95,ENST00000497699;ENST00000375533,NA;SP+TM,50;50,NA;1,NA-NA;126-126,NA;26S.126O.21M.87I,NA;260,N87,,https://www.proteinatlas.org/ENSG00000095739-BAMBI,https://gtexportal.org/home/gene/BAMBI
109,EDAR,3.543,3.75,3.25,3,3.333333333,,maybe a thereupeutic index,not_apical,0.176;0.132,0.35,9,bladder:fibroblast;colon:myofibroblast;colon:stromal cell;esophagus:epithelial cell;liver:hepatocyte-periportal;lymph_node:endothelial cell;pan:T cell;pan:T cell CD4;stomach:fibroblast,0.88,0.66,ENST00000376651;ENST00000258443;ENST00000409271,SP+TM;SP+TM;SP+TM,37;37;26,1;1;1,161-161;160-160;161-161,26S.161O.21M.272I;26S.160O.22M.240I;26S.161O.21M.272I,480;448;480,N38,,https://www.proteinatlas.org/ENSG00000135960-EDAR,https://gtexportal.org/home/gene/EDAR
125,DLL4,4.471,3.5,3.5,3,3.333333333,,,not_apical,7.11;2.283,0.36,9,colon:endothelial cell-arterial;common_bile_duct:stem-like cell;eye:endothelial cell-arterial;heart:endothelial cell-capillary;heart:endothelial cell-other;kidney:Descending vasa recta endothelium;rectum:enteroendocrine-intestinal;skeletal_muscle:endothelial cell-capillary;small_intestine:endothelial cell-arterial,0.88,1,ENST00000557876;ENST00000249749;ENST00000559440,NA;SP+TM;NA,48;46;6,NA;1;NA,NA-NA;505-505;NA-NA,NA;26S.505O.21M.133I;NA,NA;685;NA,N108;N183;N205;N393,,,
126,MET,4.471,3.5,3.5,3,3.333333333,SN bias,,not_apical,8.805;2.407,0.41,9,adipose:endothelial cell-arterial;colon:endothelial cell-arterial;heart:endothelial cell-other;kidney:Connecting tubule;kidney:epithelial cell-progenitor;kidney:Thick ascending limb of Loop of Henle;lung:Alveolar epithelial cell-Type 2 signaling;uterus:epithelial cell;uterus:glandular cell,0.88,1,ENST00000318493;ENST00000397752;ENST00000456159,SP+TM;SP+TM;SP,34;30;22,1;1;0,927-927;909-909;147-147,24S.927O.22M.435I;24S.909O.22M.435I;43S.147O,1408;1390;190,N45;N106;N149;N202;N399;N405;N607;N635;N785;N879;N930,,https://www.proteinatlas.org/ENSG00000105976-MET,https://gtexportal.org/home/gene/MET
137,ERN2,4.529,3.25,3.75,3,3.333333333,,doesnt look surface,not_apical,2.12;1.529,0.35,8,colon:epithelial cell;colon:goblet cell;colon:goblet cell-proliferating;common_bile_duct:stem-like cell;rectum:enteroendocrine-intestinal;rectum:goblet;small_intestine:goblet cell;stomach:mucous cell-gland,0.69,0.97,ENST00000256797;ENST00000457008;ENST00000569903,SP+TM;SP+TM;SP,26;26;19,1;1;0,400-400;360-360;50-50,32S.400O.18M.476I;32S.360O.10M.472I;30S.50O,926;874;80,,,,
144,MEP1A,4.557,3.4,3.5,3.25,3.383333333,,,not_apical,1.001;0.729,0.35,9,appendix:enterocyte;colon:colonocyte;colon:enterocyte-BEST4+;rectum:enterocyte;rectum:enterocyte-Best4+;rectum:goblet;small_intestine:enterocyte;small_intestine:goblet cell-progenitor;small_intestine:paneth cell,0.88,0.86,ENST00000230588;ENST00000611727,SP+TM;SP+TM,50;50,1;1,696-696;724-724,21S.696O.23M.6I;21S.724O.23M.6I,746;774,N140;N222;N258;N414;N440;N447;N539,,https://www.proteinatlas.org/ENSG00000112818-MEP1A,https://gtexportal.org/home/gene/MEP1A
29,ACTL8,2.4,3.25,3.5,3.5,3.416666667,,Don't believe surface,not_apical,0.436;0.122,0.91,0,testes:non immune,0.06,0.29,ENST00000375406;ENST00000617065,GLOB;GLOB,58;42,0;0,NA-NA;NA-NA,366I;366I,366;366,,,https://www.proteinatlas.org/ENSG00000117148-ACTL8,https://gtexportal.org/home/gene/ACTL8
118,MGAM2,3.586,3.5,3.5,3.25,3.416666667,,,not_apical,0.649;0.343,0.36,5,colon:tuft cell;small_intestine:enterocyte;small_intestine:goblet cell-progenitor;small_intestine:paneth cell;small_intestine:tuft cell,0.62,0.69,ENST00000477922;ENST00000550469;ENST00000496337,TM;TM;NA,56;33;11,1;1;NA,2485-2485;452-452;NA-NA,9I.21M.2485O;9I.21M.452O;NA,2515;482;NA,N167;N421;N613;N2249,,,
131,CDHR1,4.514,3.75,3.5,3,3.416666667,,,not_apical,2.203;2.036,0.36,9,colon:epithelial cell;colon:mucous cell;eye:Muller cell;eye:photoreceptor cell;eye:photoreceptor cell-cone;eye:photoreceptor cell-proliferating;eye:photoreceptor cell-rod;skin:keratinocytes-diff;skin:keratinocytes-undiff,0.88,0.82,ENST00000623527;ENST00000372117;ENST00000459673,SP+TM;TM;NA,33;23;23,1;1;NA,682-682;439-439;NA-NA,19S.682O.21M.137I;439O.22M.137I;NA,859;598;NA,N58;N89;N296,,https://www.proteinatlas.org/ENSG00000148600-CDHR1,https://gtexportal.org/home/gene/CDHR1
62,OR5M11,3.429,2.9,4,3.5,3.466666667,,unconvincing expression,not_apical,0.012;0,0.98,0,testes:non immune,0.81,0,ENST00000528616,TM,17,7,15-33,24O.25M.9I.21M.19O.21M.21I.23M.33O.26M.21I.13M.15O.18M.16I,305,N5,,,
10,MAGEA4,1.271,3.5,3.5,3.5,3.5,,Don't believe surface,not_apical,1.383;0.719,0.99,0,testes:non immune,0.06,0.03,ENST00000431963;ENST00000276344;ENST00000393920,GLOB;GLOB;GLOB,12;6;5,0;0;0,NA-NA;NA-NA;NA-NA,171I;317I;317I,171;317;317,,,https://www.proteinatlas.org/ENSG00000147381-MAGEA4,https://gtexportal.org/home/gene/MAGEA4
41,TSPEAR,2.457,3.5,3.5,3.5,3.5,,,not_apical,0.296;0.177,0.46,1,small_intestine:endothelial cell-lymphatic,0.19,0.28,ENST00000323084;ENST00000642437;ENST00000397916,SP;SP;NA,41;36;23,0;0;NA,652-652;23-23;NA-NA,17S.652O;15S.23O;NA,669;38;NA,N320;N468;N497;N556;N569,,,
60,NPY4R2,3.429,3,4,3.5,3.5,,unconvincing expression,not_apical,0.006;0,0.78,0,,0.75,0.02,ENST00000576178;ENST00000613306,TM;TM,22;12,7;7,15-40;15-40,40O.25M.12I.23M.15O.22M.19I.20M.36O.23M.30I.21M.15O.24M.50I;40O.25M.12I.23M.15O.22M.19I.20M.36O.23M.30I.21M.15O.24M.50I,375;375,N2;N19;N29;N187,,https://www.proteinatlas.org/ENSG00000264717-NPY4R2,https://gtexportal.org/home/gene/NPY4R2
71,SPATA31A1,3.443,3.25,3.75,3.5,3.5,,,not_apical,0.006;0,0.73,0,testes:non immune,0.62,0.02,ENST00000377647;ENST00000651872;ENST00000473440,TM;NA;NA,21;21;0,1;NA;NA,38-38;NA-NA;NA-NA,38O.19M.1304I;NA;NA,1361;NA;NA,,,https://www.proteinatlas.org/ENSG00000204849-SPATA31A1,https://gtexportal.org/home/gene/SPATA31A1
75,AQP12A,3.471,3.5,3.5,3.5,3.5,,,not_apical,0.045;0.028,0.38,0,,0.69,0.15,ENST00000460527;ENST00000471878;ENST00000474778,NA;NA;NA,25;17;15,NA;NA;NA,NA-NA;NA-NA;NA-NA,NA;NA;NA,NA;NA;NA,,,https://www.proteinatlas.org/ENSG00000184945-AQP12A,https://gtexportal.org/home/gene/AQP12A
100,SLC6A18,3.514,3.5,3.5,3.5,3.5,,Histology in KIRC,apical,0.008;0.006,0.47,7,common_bile_duct:cholangiocytes;eye:photoreceptor cell-proliferating;kidney:proximal tubule;kidney:proximal tubule-convoluted;pancreas:alpha cell;small_intestine:enteroendocrine;thymus:mTEC,0.88,0.08,ENST00000324642;ENST00000513607,TM;NA,58;8,12;NA,6-87;NA-NA,26I.21M.6O.21M.30I.22M.52O.21M.8I.21M.24O.21M.17I.21M.87O.24M.20I.19M.12O.21M.23I.21M.27O.23M.40I;NA,628;NA,N144;N168;N174;N354,,https://www.proteinatlas.org/ENSG00000164363-SLC6A18,https://gtexportal.org/home/gene/SLC6A18
147,MUC5AC,4.571,3.5,3.5,3.5,3.5,,,not_apical,1.574;1.245,0.35,6,lung:goblet cell;lung:mucous cell;pan:B cell;small_intestine:goblet cell-progenitor;stomach:chief cell;stomach:mucous cell-gland,0.19,0.52,ENST00000621226,SP,100,0,5627-5627,27S.5627O,5654,N205;N258;N415;N524;N1308;N3774;N4869;N4942;N5057;N5093;N5236;N5347;N5377;N5386;N5455;N5528;N5591,T2395;T2405;T2451;T2461;T2531;T2541;T2571;T2581;T2699;T2709;T2883;T2893;T2979;T2989;T3067;T3077;T4224;T4234;T4296;T4306;T4320;T4330;T4376;T4386;T4440;T4450;T4480;T4490;T4512;T4522;T4568;T4578,https://www.proteinatlas.org/ENSG00000215182-MUC5AC,https://gtexportal.org/home/gene/MUC5AC
99,OR2I1P,3.514,3.75,3.5,3.25,3.5,,,not_apical,0.213;0.082,0.4,3,common_bile_duct:stem-like cell;thymus:myofibroblast;thymus:Schwann cell,0.69,0.26,ENST00000641730;ENST00000641137;ENST00000642037,NA;TM;NA,33;33;33,NA;7;NA,NA-NA;16-33;NA-NA,NA;24O.24M.12I.21M.16O.22M.24I.22M.33O.24M.18I.16M.16O.20M.23I;NA,NA;315;NA,,,https://www.proteinatlas.org/ENSG00000237988-OR2I1P,https://gtexportal.org/home/gene/OR2I1P
22,L1TD1,1.371,3.5,3.5,3.75,3.583333333,,Don't believe surface,not_apical,8.668;2.562,0.87,3,appendix:epithelial cell;appendix:TA cell;colon:goblet cell-proliferating;testes:non immune,0.12,0.57,ENST00000498273,GLOB,100,0,NA-NA,865I,865,,,https://www.proteinatlas.org/ENSG00000240563-L1TD1,https://gtexportal.org/home/gene/L1TD1
36,GOLGA6A,2.429,3.75,3.5,3.5,3.583333333,,prob not surface,not_apical,0.097;0.059,0.77,0,testes:non immune,0.12,0.08,ENST00000290438;ENST00000568723;ENST00000569486,GLOB;NA;NA,44;38;1,0;NA;NA,NA-NA;NA-NA;NA-NA,693I;NA;NA,693;NA;NA,,,,
88,PRRT1B,3.486,3.5,3.75,3.5,3.583333333,,,not_apical,0.108;0.041,0.36,1,stomach:enteroendocrine,0.62,0.2,ENST00000636672,TM,100,1,5-5,237I.21M.5O,263,,,,https://gtexportal.org/home/gene/PRRT1B
92,NPY4R,3.5,3.75,3.5,3.5,3.583333333,,,not_apical,0.016;0,0.46,2,stomach:enteroendocrine;stomach:mucous cell-gland,0.88,0.02,ENST00000612632;ENST00000374312,TM;TM,30;29,7;7,15-40;15-40,40O.25M.12I.23M.15O.22M.19I.20M.36O.23M.30I.21M.15O.24M.50I;40O.25M.12I.23M.15O.22M.19I.20M.36O.23M.30I.21M.15O.24M.50I,375;375,N2;N19;N29;N187,,https://www.proteinatlas.org/ENSG00000204174-NPY4R,https://gtexportal.org/home/gene/NPY4R
21,LARGE2,1.371,4,3.5,3.5,3.666666667,,Don't believe surface,not_apical,1.469;0.581,0.37,1,eye:retinal pigment epithelium,0.19,0.52,ENST00000401752;ENST00000325468;ENST00000531526,SP;SP;SP,26;23;15,0;0;0,689-689;689-689;689-689,32S.689O;32S.689O;32S.689O,721;721;721,N80;N107;N231,,https://www.proteinatlas.org/ENSG00000165905-LARGE2,https://gtexportal.org/home/gene/LARGE2
59,GPRC6A,3.429,3.5,4,3.5,3.666666667,,1 donor,not_apical,0.667;0,0.8,0,,0.75,0.02,ENST00000310357;ENST00000530250;ENST00000368549,SP+TM;SP+TM;SP+TM,13;13;6,7;7;7,8-575;8-400;8-504,18S.575O.22M.16I.20M.11O.24M.18I.21M.23O.23M.11I.21M.8O.20M.95I;18S.400O.23M.14I.21M.12O.25M.16I.21M.24O.22M.11I.21M.8O.21M.94I;18S.504O.23M.14I.21M.12O.25M.16I.21M.23O.23M.11I.21M.8O.21M.94I,926;751;855,N121;N259;N332;N378;N452;N555;N567;N590;N733,,,
117,SLC18A1,3.571,3.75,3.75,3.5,3.666666667,,,not_apical,0.17;0.118,0.37,7,CNS_forebrain:microglial cell;CNS_telencephalon:microglial cell;colon:enteroendocrine;colon:tuft cell;rectum:enteroendocrine-intestinal;small_intestine:enteroendocrine;stomach:enteroendocrine,0.75,0.28,ENST00000440926;ENST00000276373;ENST00000517776,TM;TM;TM,14;14;14,12;12;9,4-98;4-98;1-96,21I.21M.98O.21M.6I.19M.5O.21M.19I.13M.13O.21M.24I.21M.12O.21M.9I.21M.4O.21M.17I.24M.5O.21M.47I;21I.21M.98O.21M.6I.19M.5O.21M.19I.13M.13O.21M.24I.21M.12O.21M.9I.21M.4O.21M.17I.24M.5O.21M.47I;21I.21M.96O.19M.10I.19M.5O.21M.19I.13M.13O.21M.24I.21M.12O.21M.10I.18M.1O,525;525;385,N58;N87;N104,,https://www.proteinatlas.org/ENSG00000036565-SLC18A1,https://gtexportal.org/home/gene/SLC18A1
135,RNF186,4.529,3.5,3.75,4,3.75,Single Cell 5 bias:rectum-Low,doesnt look surface,not_apical,2.931;1.512,0.42,4,appendix:enterocyte;kidney:proximal tubule-convoluted;rectum:enterocyte-Best4+;rectum:stem-like/TA,0.69,0.98,ENST00000375121,TM,100,2,7-7,154I.19M.7O.19M.28I,227,,,,
4,NOXO1,0.186,4,3.5,3.75,3.75,,Don't believe surface,not_apical,1.842;1.624,0.43,0,,0.19,0.98,ENST00000354249;ENST00000356120;ENST00000563181,GLOB;GLOB;NA,22;22;21,0;0;NA,NA-NA;NA-NA;NA-NA,370I;371I;NA,370;371;NA,,,https://www.proteinatlas.org/ENSG00000196408-NOXO1,https://gtexportal.org/home/gene/NOXO1
23,SH3D21,1.386,4,3.5,3.75,3.75,,Seems very highly expressed in healthy bulk and protein space,not_apical,3.208;1.328,0.45,0,,0.12,0.98,ENST00000453908;ENST00000505871;ENST00000480549,GLOB;GLOB;GLOB,30;29;15,0;0;0,NA-NA;NA-NA;NA-NA,756I;645I;135I,756;645;135,,,https://www.proteinatlas.org/ENSG00000214193-SH3D21,https://gtexportal.org/home/gene/SH3D21
72,SPEM3,3.443,3.75,4,3.75,3.833333333,,,not_apical,0.01;0,0.55,0,testes:macrophage;testes:non immune,0.75,0.02,ENST00000636696;ENST00000651079,TM;NA,56;2,1;NA,26-26;NA-NA,26O.22M.1148I;NA,1196;NA,,,,
76,CYP4F8,3.471,3.75,4,4,3.916666667,,,not_apical,0.312;0.047,0.45,0,,0.69,0.11,ENST00000612078;ENST00000590745;ENST00000622291,SP+TM;NA;NA,13;11;10,1;NA;NA,1-1;NA-NA;NA-NA,21S.1O.14M.484I;NA;NA,520;NA;NA,,,https://www.proteinatlas.org/ENSG00000186526-CYP4F8,https://gtexportal.org/home/gene/CYP4F8
93,OR2D3,3.5,3.75,4,4,3.916666667,,,not_apical,0.011;0.006,0.5,2,kidney:intercalated cell-type B;thymus:plasma cell-proliferating,0.81,0.02,ENST00000317834,TM,75,7,15-40,40O.25M.12I.21M.15O.23M.22I.24M.30O.23M.21I.17M.15O.18M.24I,330,N21,,https://www.proteinatlas.org/ENSG00000178358-OR2D3,https://gtexportal.org/home/gene/OR2D3
9,IL37,1.271,4,4,4,4,,Dont believe surface,not_apical,2.186;0.585,0.97,0,,0.06,0.17,ENST00000263326;ENST00000353225;ENST00000352179,GLOB;GLOB;GLOB,24;21;20,0;0;0,NA-NA;NA-NA;NA-NA,218I;178I;197I,218;178;197,,,,
24,OR2A4,2.329,4,4,4,4,,,not_apical,0.017;0.006,0.92,0,,0.88,0.02,ENST00000315453,TM,50,7,12-30,23O.25M.9I.21M.18O.23M.24I.22M.30O.26M.18I.20M.12O.18M.21I,310,N4,,https://www.proteinatlas.org/ENSG00000180658-OR2A4,https://gtexportal.org/home/gene/OR2A4
25,CPNE7,2.357,4,4,4,4,,,not_apical,4.362;2.456,0.63,0,,0.06,1,ENST00000319518;ENST00000268720;ENST00000525982,GLOB;GLOB;GLOB,33;27;16,0;0;0,NA-NA;NA-NA;NA-NA,558I;633I;120I,558;633;120,,,,
33,TEDDM1,2.4,4,4,4,4,,,not_apical,0.012;0.012,0.42,2,kidney:intercalated cell-type A;ovary:non immune;uterus:NKT,0.69,0.02,ENST00000367565,TM,58,6,11-23,27I.21M.20O.19M.9I.21M.11O.21M.8I.21M.23O.18M.54I,273,,,,
43,DIO3,2.486,4,4,4,4,,,not_apical,0.72;0.619,0.36,7,breast:epithelial cell;breast:luminal cell;colon:mesenchymal stem cell;esophagus:endothelial cell-arterial;pancreas:fibroblast;rectum:enteroendocrine-intestinal;skeletal_muscle:satellite-stem,0.19,0.83,ENST00000510508,GLOB,100,0,NA-NA,304I,304,,,,
58,CLCA1,3.414,4,4,4,4,,,not_apical,16.286;8.455,0.93,7,appendix:epithelial cell;colon:goblet cell;colon:goblet cell-proliferating;rectum:goblet;rectum:TA-secretory;small_intestine:goblet cell;small_intestine:goblet cell-progenitor,0.19,0.35,ENST00000394711;ENST00000234701,SP;SP,73;27,0;0,893-893;893-893,21S.893O;21S.893O,914;914,N503;N585;N770;N804;N810;N831;N836;N890,,https://www.proteinatlas.org/ENSG00000016490-CLCA1,https://gtexportal.org/home/gene/CLCA1
61,OR4C6,3.429,4,4,4,4,,,not_apical,0.028;0,0.91,0,,0.81,0,ENST00000641251;ENST00000314259,TM;TM,17;8,7;7,10-27;10-27,23O.25M.10I.23M.14O.23M.22I.24M.27O.29M.21I.16M.10O.20M.22I;23O.25M.10I.23M.14O.23M.22I.24M.27O.29M.21I.16M.10O.20M.22I,309;309,N6,,https://www.proteinatlas.org/ENSG00000181903-OR4C6,https://gtexportal.org/home/gene/OR4C6
67,GPR119,3.443,4,4,4,4,,,not_apical,0.071;0,0.59,0,,0.88,0.02,ENST00000276218,TM,25,7,6-22,6O.24M.12I.21M.16O.22M.20I.22M.22O.21M.42I.21M.10O.21M.55I,335,,,,
68,OR4E1,3.443,4,4,4,4,,,not_apical,0.024;0,0.55,0,,0.81,0,ENST00000641792;ENST00000610316,TM;TM,33;0,7;7,12-29;12-29,28O.26M.8I.21M.18O.23M.21I.23M.29O.30M.16I.18M.12O.20M.22I;23O.25M.9I.21M.18O.23M.21I.23M.29O.30M.16I.18M.12O.20M.12I,315;300,N8,,,
69,OR4F17,3.443,4,4,4,4,,,not_apical,0.016;0.001,0.51,0,,0.81,0.05,ENST00000641591;ENST00000318050;ENST00000585993,NA;TM;TM,15;6;2,NA;7;7,NA-NA;9-32;9-32,NA;18O.24M.9I.21M.18O.23M.21I.23M.32O.27M.16I.21M.9O.18M.25I;18O.24M.9I.21M.18O.23M.21I.23M.32O.27M.16I.21M.9O.18M.25I,NA;305;305,,,https://www.proteinatlas.org/ENSG00000176695-OR4F17,https://gtexportal.org/home/gene/OR4F17
73,TEX51,3.443,4,4,4,4,,,not_apical,0.009;0,0.53,0,testes:macrophage;testes:non immune,0.75,0,ENST00000454927;ENST00000437793;ENST00000636457,NA;GLOB;SP+TM,4;3;3,NA;0;1,NA-NA;NA-NA;141-141,NA;131I;15S.141O.21M.21I,NA;131;198,,,,
77,IFITM5,3.471,4,4,4,4,,,not_apical,0.069;0.006,0.45,0,,0.75,0.03,ENST00000382614,TM,92,3,1-27,36I.11M.1O.10M.26I.21M.27O,132,,,https://www.proteinatlas.org/ENSG00000206013-IFITM5,https://gtexportal.org/home/gene/IFITM5
80,OR2T33,3.471,4,4,4,4,,,not_apical,0.011;0,0.42,0,,0.81,0,ENST00000318021;ENST00000641220,TM;TM,7;2,7;7,13-30;13-30,23O.24M.9I.21M.18O.23M.23I.23M.30O.25M.19I.19M.13O.20M.30I;23O.24M.9I.21M.18O.23M.23I.23M.30O.25M.19I.19M.13O.20M.30I,320;320,N17,,,
81,ARSH,3.471,4,4,4,4,,,not_apical,0.027;0,0.53,2,common_bile_duct:cholangiocytes;lymph_node:unknown_FurtherCheck,0.81,0,ENST00000381130,TM,42,2,162-351,162O.21M.12I.16M.351O,562,,,,
84,TBC1D3E,3.486,4,4,4,4,,,not_apical,0.012;0,0.74,0,,0.25,0.02,ENST00000621587,GLOB,42,0,NA-NA,549I,549,,,,
86,CHRNA9,3.486,4,4,4,4,,,not_apical,0.035;0,0.39,1,pan:T cell,0.88,0.02,ENST00000509518;ENST00000310169;ENST00000502377,NA;SP+TM;NA,25;24;1,NA;4;NA,NA-NA;3-216;NA-NA,NA;22S.216O.24M.6I.19M.14O.22M.134I.19M.3O;NA,NA;479;NA,N57;N170,,https://www.proteinatlas.org/ENSG00000174343-CHRNA9,https://gtexportal.org/home/gene/CHRNA9
87,OR9Q2,3.486,4,4,4,4,,,not_apical,0.011;0,0.42,1,appendix:TA cell,0.69,0,ENST00000641291;ENST00000311591,TM;TM,33;0,7;7,12-30;12-30,24O.25M.9I.21M.18O.23M.22I.24M.30O.27M.21I.16M.12O.18M.24I;24O.25M.9I.21M.18O.23M.22I.24M.30O.27M.21I.16M.12O.18M.24I,314;314,N5,,,
89,RNF225,3.486,4,4,4,4,,,not_apical,0.011;0.003,0.36,1,skin:mast cell,0.81,0.02,ENST00000601382,TM,42,1,109-109,199I.21M.109O,329,,,https://www.proteinatlas.org/ENSG00000269855-RNF225,https://gtexportal.org/home/gene/RNF225
94,OR52K2,3.5,4,4,4,4,,,not_apical,0.018;0,0.37,2,CNS_midbrain:microglial cell;pancreas:monocyte,0.81,0.02,ENST00000325719,TM,17,7,11-33,26O.25M.9I.28M.11O.23M.23I.20M.33O.26M.18I.21M.12O.21M.18I,314,N5,,,
96,SYNGR4,3.5,4,4,4,4,,,not_apical,0.143;0.045,0.44,2,pancreas:alpha cell;pancreas:beta cell;testes:non immune,0.81,0.18,ENST00000344846;ENST00000601610;ENST00000595322,TM;TM;SP,41;23;18,4;3;0,17-22;18-19;14-14,24I.21M.22O.21M.15I.22M.17O.21M.71I;18O.21M.15I.22M.19O.14M.37I;60S.14O,234;146;74,,,,
107,NLRP10,3.543,4,4,4,4,,,not_apical,0.069;0,0.37,2,eye:Conjunctival basal cell;lymph_node:unknown_FurtherCheck,0.25,0.02,ENST00000328600;ENST00000526590,GLOB;GLOB,31;2,0;0,NA-NA;NA-NA,655I;65I,655;65,,,https://www.proteinatlas.org/ENSG00000182261-NLRP10,https://gtexportal.org/home/gene/NLRP10
108,GGT1,3.543,4,4,4,4,,,not_apical,0.219;0.174,0.35,8,breast:unknown;CNS_diencephalon:Leptomeningeal cell;CNS_diencephalon:oligodendrocyte-myelin-forming;CNS_forebrain:oligodendrocyte-mature;CNS_hindbrain:excitatory neuron-thalamic;CNS_midbrain:oligodendrocyte-mature;CNS_midbrain:oligodendrocyte-myelin-forming;CNS_telencephalon:oligodendrocyte,0.94,0.43,,,,,,,,N95;N120;N230;N266;N297;N344;N511,,https://www.proteinatlas.org/ENSG00000100031-GGT1,https://gtexportal.org/home/gene/GGT1
112,TRPM5,3.557,4,4,4,4,,,not_apical,0.292;0.044,0.38,3,appendix:tuft cell;colon:tuft cell;small_intestine:tuft cell,0.75,0.48,ENST00000155858;ENST00000533881;ENST00000533060,TM;TM;TM,28;27;23,6;6;6,8-59;8-59;8-59,731I.21M.15O.16M.23I.21M.8O.18M.19I.21M.59O.21M.192I;725I.22M.14O.16M.23I.21M.8O.18M.19I.21M.59O.21M.192I;731I.21M.15O.16M.23I.21M.8O.18M.19I.21M.59O.21M.200I,1165;1159;1173,,,,
113,KLRG2,3.557,4,4,4,4,,,not_apical,0.284;0.144,0.36,4,kidney:epithelial cell-progenitor;thymus:epithelial cell;thymus:epithelial cell-lymphatic;thymus:mTEC,0.81,0.22,ENST00000393039;ENST00000340940,GLOB;TM,58;42,0;1,NA-NA;128-128,314I;260I.21M.128O,314;409,,,,
114,UGT1A10,3.557,4,4,4,4,,,not_apical,0.291;0.114,0.35,6,appendix:enterocyte;appendix:epithelial cell;colon:colonocyte;colon:enterocyte;colon:epithelial cell;rectum:myeloid cell,0.69,0.25,ENST00000344644;ENST00000373445,SP+TM;SP,56;44,1;0,460-460;416-416,25S.460O.21M.24I;25S.416O,530;441,N71;N292;N344,,https://www.proteinatlas.org/ENSG00000242515-UGT1A10,https://gtexportal.org/home/gene/UGT1A10
115,FBP2,3.571,4,4,4,4,,,not_apical,0.308;0.046,0.36,3,skeletal_muscle:myocytes-fast;stomach:chief cell;stomach:mucous cell-gland;testes:non immune,0.19,0.03,ENST00000375337,GLOB,89,0,NA-NA,339I,339,,,https://www.proteinatlas.org/ENSG00000130957-FBP2,https://gtexportal.org/home/gene/FBP2
132,CEMIP,4.514,4,4,4,4,,CNS (ADC?),not_apical,3.441;2.381,0.36,9,CNS_diencephalon:endothelial cell;CNS_diencephalon:Leptomeningeal cell;CNS_hindbrain:endothelial cell;CNS_midbrain:Vascular leptomeningeal cell;CNS_telencephalon:pericyte;esophagus:stromal cell;eye:keratocyte-central stroma;eye:stem cell;trachea:basal cell,0.19,1,ENST00000220244;ENST00000394685;ENST00000356249,SP;SP;SP,33;33;33,0;0;0,1331-1331;1331-1331;1331-1331,30S.1331O;30S.1331O;30S.1331O,1361;1361;1361,N119;N165;N312;N370;N420;N889;N921,,,
141,AQP8,4.557,4,4,4,4,,,not_apical,0.793;0.658,0.37,8,colon:colonocyte;colon:enterocyte;colon:enterocyte-BEST4+;pancreas:acinar cell;pancreas:acinar cell-REG+;pancreas:acinar cell-secretory;pancreas:myeloid cell;rectum:enterocyte,0.75,0.32,ENST00000219660;ENST00000566125,TM;TM,74;26,6;6,11-24;10-24,37I.20M.11O.18M.27I.18M.23O.23M.6I.21M.24O.21M.12I;31I.20M.10O.19M.27I.18M.22O.24M.6I.21M.24O.21M.12I,261;255,N59;N139,,,
142,CHGA,4.557,4,4,4,4,,,not_apical,32.811;0.559,0.88,9,CNS_midbrain:interneuron;colon:enteroendocrine;pancreas:alpha cell;pancreas:beta cell;rectum:enteroendocrine-intestinal;small_intestine:enteroendocrine;stomach:enteroendocrine;stomach:glia cell-enteric;stomach:proliferating cell,0.19,0.09,ENST00000216492;ENST00000334654;ENST00000556076,SP;SP;SP,24;21;18,0;0;0,439-439;288-288;20-20,18S.439O;18S.288O;18S.20O,457;306;38,,T181;T183;T251,,