gene_rank,gene_name,target_score,Rank_JG,Rank_JV,Rank_ML,Rank_KP,Rank_AVG,bias_check,notes,apical,target_val,specificity,n_off_targets,off_targets,surface,pos_low,pos_med,pos_hi,tx_id,tx_type,tx_score,tx_n_mem,tx_ecd,tx_summary,tx_n_aa,gly_n_link,gly_o_link,p_positive_0.01
12,SLC22A2,1.171,1.5,1.5,1,1,1.25,,super clean besides tubules,Localization unclear,9.845;4.998,0.92,2,kidney:proximal tubule;kidney:proximal tubule-convoluted,0.88,0.8095238095,0.7380952381,0.3333333333,ENST00000366953;ENST00000491092;ENST00000489644,TM;NA;NA,37;29;16,12;NA;NA,3-107;NA-NA;NA-NA,22I.21M.107O.21M.6I.21M.3O.24M.10I.23M.5O.16M.69I.19M.10O.21M.6I.20M.6O.21M.13I.21M.9O.17M.44I;NA;NA,555;NA;NA,N72,,0.9
43,ENPP3,3.286,2,1.5,1,1,1.375,,,apical,9.118;7.016,0.79,7,pan:NK;uterus:ciliated cell;uterus:ciliated cell-proliferating;uterus:epithelial cell;uterus:epithelial cell-proliferating;uterus:glandular cell;uterus:luminal cell,0.88,0.9285714286,0.9285714286,0.6666666667,ENST00000357639;ENST00000358229;ENST00000414305,TM;TM;TM,21;21;19,1;1;1,831-831;619-619;831-831,22I.22M.831O;22I.22M.619O;22I.22M.831O,875;663;875,N236;N279;N290;N426;N533;N582;N594;N687;N699;N789;N619,,1
2,UGT1A9,0.014,2,2,1.75,1,1.6875,,,not_apical,2.956;1.358,0.93,0,,0.75,0.6904761905,0.4523809524,0.02380952381,ENST00000354728,SP+TM,100,1,460-460,25S.460O.21M.24I,530,N71;N292;N344,,0.86
44,CD70,3.3,2.25,2,1.25,2,1.875,,,not_apical,5.359;3.879,0.64,5,pan:B cell;pan:pDC;skin:stromal cell-secretory paplillary;thymus:endothelial cell;thymus:mTEC,0.81,0.9285714286,0.7857142857,0.5952380952,ENST00000245903;ENST00000423145;ENST00000597430,TM;TM;TM,45;43;12,1;1;1,155-155;170-170;27-27,17I.21M.155O;17I.21M.170O;17I.21M.27O,193;208;65,N63;N170,,0.98
4,KISS1R,0.043,2,2,1.8,2,1.95,,,not_apical,1.456;1.024,0.67,0,,0.81,0.6666666667,0.4761904762,0,ENST00000234371;ENST00000592648;ENST00000606939,TM;TM;TM,46;27;27,7;2;4,15-42;9-44;15-53,42O.25M.11I.23M.15O.22M.19I.23M.22O.24M.37I.22M.18O.23M.72I;44O.23M.11I.10M.9O;42O.25M.11I.23M.15O.22M.19I.16M.53O,398;97;226,N10;N18;N28,,0.88
7,HAVCR1,0.129,2,2,1.9,2,1.975,,,not_apical,1.265;1.07,0.54,0,,0.75,0.8333333333,0.3333333333,0,ENST00000339252;ENST00000625904;ENST00000522693,SP+TM;SP+TM;SP+TM,24;24;19,1;1;1,275-275;275-275;275-275,20S.275O.21M.48I;20S.275O.21M.85I;20S.275O.21M.85I,364;401;401,N65;N263;N277;N291,T205,1
8,SLC22A11,0.129,2,,2,2,2,,,apical,4.505;0.619,0.91,0,,0.75,0.380952381,0.1904761905,0.02380952381,ENST00000377585;ENST00000301891;ENST00000377581,TM;TM;TM,26;19;17,8;12;10,1-106;2-106;2-106,18I.19M.106O.21M.6I.21M.1O.26M.10I.24M.4O.16M.93I.11M.6O.21M.39I;18I.19M.106O.20M.7I.21M.2O.26M.9I.24M.4O.16M.73I.20M.9O.22M.6I.20M.6O.21M.14I.21M.6O.21M.39I;18I.19M.106O.20M.7I.21M.2O.26M.9I.24M.4O.16M.75I.18M.9O.22M.6I.20M.6O.18M.35I,442;550;481,N39;N56;N99,,1
70,SLC22A12,3.471,2,1.5,2.5,2,2,,,apical,1.26;0.1,0.69,1,kidney:proximal tubule-convoluted,0.75,0.07142857143,0.02380952381,0,ENST00000377574;ENST00000377572;ENST00000377567,TM;TM;TM,20;20;18,12;8;8,4-112;5-109;5-109,21I.13M.112O.21M.6I.20M.4O.21M.13I.21M.7O.16M.75I.19M.10O.21M.6I.20M.8O.21M.14I.21M.4O.21M.38I;17I.20M.109O.18M.78I.21M.8O.21M.6I.20M.8O.21M.13I.21M.5O.21M.38I;17I.20M.109O.18M.78I.21M.8O.21M.6I.20M.8O.21M.13I.21M.5O.21M.38I,553;445;445,N56;N102,,0.31
18,GSG1L2,1.286,2.5,2,1.65,2,2.0375,,,not_apical,0.25;0.174,0.64,1,spine:neuron,0.81,0.04761904762,0,0,ENST00000399363,TM,67,4,23-92,8I.20M.92O.23M.17I.21M.23O.21M.68I,293,N59;N67,,0.14
22,OR2A4,2.286,2.5,,2.15,1.5,2.05,,,not_apical,0.041;0.03,0.92,0,,0.88,0,0,0,ENST00000315453,TM,100,7,12-30,23O.25M.9I.21M.18O.23M.24I.22M.30O.26M.18I.20M.12O.18M.21I,310,N4,,0.29
54,UGT2B7,3.371,2,,2.15,2,2.05,,minor 5 end bias,not_apical,5.684;5.445,0.39,9,kidney:Distinct proximal tubule;kidney:epithelial cell-progenitor;kidney:proximal tubule;kidney:proximal tubule-convoluted;liver:hepatocyte;liver:hepatocyte-interzonal;uterus:ciliated cell-proliferating;uterus:epithelial cell-proliferating;uterus:luminal cell,0.81,1,0.9761904762,0.7857142857,ENST00000502942;ENST00000509763;ENST00000305231,GLOB;NA;SP+TM,43;26;12,0;NA;1,156-156;NA-NA;467-467,156O;NA;23S.467O.26M.13I,156;NA;529,N67;N68;N315,,1
9,SLC5A10,0.143,2.5,2,1.85,2,2.0875,,,not_apical,1.604;0.81,0.67,0,,0.88,0.6666666667,0.2857142857,0.02380952381,ENST00000395647;ENST00000417251;ENST00000395645,TM;TM;TM,24;24;23,14;14;14,1-62;1-50;1-48,20O.20M.23I.16M.11O.21M.27I.21M.9O.21M.2I.21M.48O.23M.18I.20M.62O.18M.24I.22M.11O.15M.14I.21M.21O.21M.37I.24M.1O;20O.20M.23I.16M.11O.21M.27I.21M.9O.21M.2I.21M.50O.21M.22I.16M.11O.17M.25I.21M.11O.15M.14I.21M.21O.21M.37I.24M.1O;20O.20M.23I.16M.11O.21M.27I.21M.9O.21M.2I.21M.48O.23M.18I.20M.46O.21M.21I.22M.11O.15M.14I.21M.21O.21M.41I.20M.1O,612;560;596,N4;N96,,0.98
1,SLC6A3,0.014,2.5,2,1.9,2,2.1,,,not_apical,2.327;1.729,0.89,0,,0.88,0.7380952381,0.5714285714,0.04761904762,ENST00000270349;ENST00000512002;ENST00000511750,TM;NA;NA,80;19;1,12;NA;NA,4-71;NA-NA;NA-NA,68I.21M.6O.21M.26I.22M.71O.21M.8I.21M.24O.23M.22I.18M.27O.21M.26I.27M.4O.21M.23I.20M.16O.21M.42I;NA;NA,620;NA;NA,N181;N188;N205,,0.83
6,SPINK13,0.1,2,2,2.5,2,2.125,,,not_apical,3.869;2.887,0.88,0,,0.12,0.619047619,0.3571428571,0.07142857143,ENST00000512953;ENST00000398450;ENST00000511106,SP;SP;GLOB,35;35;29,0;0;0,71-71;71-71;54-54,23S.71O;23S.71O;54O,94;94;54,N55,,0.95
10,SLC13A1,0.186,2,1.5,2.5,2.5,2.125,,minor 5 end bias,apical,6.656;1.374,0.96,3,kidney:Distinct proximal tubule;kidney:proximal tubule;kidney:proximal tubule-convoluted,0.75,0.2380952381,0.07142857143,0.02380952381,ENST00000194130;ENST00000427975;ENST00000439260,TM;SP;SP,44;23;21,15;0;0,2-27;6-6;4-4,12I.18M.10O.10M.6I.13M.17O.10M.25I.17M.2O.10M.95I.11M.27O.25M.39I.16M.24O.12M.35I.13M.23O.15M.1I.11M.25O.10M.20I.21M.22O;30S.6O;36S.4O,595;36;40,N174;N207;N591,,0.62
28,SLC6A18,2.371,2,2.6,2.4,1.5,2.125,,,apical,0.106;0.095,0.52,2,kidney:proximal tubule-convoluted;spine:neuron,0.88,0.04761904762,0,0,ENST00000513607;ENST00000324642,NA;TM,51;33,NA;12,NA-NA;6-87,NA;26I.21M.6O.21M.30I.22M.52O.21M.8I.21M.24O.21M.17I.21M.87O.24M.20I.19M.12O.21M.23I.21M.27O.23M.40I,NA;628,N144;N168;N174;N354,,0.33
3,UGT1A6,0.029,2.25,2.5,1.85,2,2.15,,,not_apical,3.198;1.78,0.8,0,,0.69,0.8095238095,0.5,0.07142857143,ENST00000305139;ENST00000441351;ENST00000373424,SP+TM;SP;TM,41;17;12,1;0;1,461-461;163-163;220-220,26S.461O.21M.24I;26S.163O;220O.21M.24I,532;189;265,N294;N346,,0.98
19,SLC5A12,1.3,2,,2.25,2.5,2.25,,,apical,2.74;0.717,0.74,1,kidney:proximal tubule-convoluted,0.94,0.3571428571,0.1666666667,0.02380952381,ENST00000396005;ENST00000528822;ENST00000280467,TM;NA;TM,35;28;26,13;NA;10,8-45;NA-NA;8-39,10O.21M.21I.16M.12O.16M.32I.21M.8O.21M.2I.21M.36O.21M.18I.21M.38O.21M.22I.21M.8O.21M.10I.21M.45O.21M.93I;NA;10O.21M.21I.16M.12O.16M.32I.21M.8O.21M.2I.21M.36O.21M.18I.21M.35O.10M.5I.10M.39O,618;NA;396,N480,,0.6
34,TMEM174,2.4,2,,2.5,,2.25,,,not_apical,0.115;0.092,0.56,3,kidney:Distinct proximal tubule;kidney:proximal tubule;kidney:proximal tubule-convoluted,0.81,0.07142857143,0.02380952381,0,ENST00000296776;ENST00000511737,TM;NA,62;22,2;NA,12-12;NA-NA,37I.23M.12O.18M.153I;NA,243;NA,,,0.33
48,CLTRN,3.314,2.25,,2.35,2.25,2.283333333,,,apical,4.039;3.905,0.74,4,eye:retinal pigment epithelium;kidney:Distinct proximal tubule;kidney:proximal tubule;kidney:proximal tubule-convoluted,0.69,0.880952381,0.7380952381,0.2380952381,ENST00000380342;ENST00000650271,SP+TM;TM,69;31,1;1,127-127;92-92,14S.127O.26M.55I;92O.23M.55I,222;170,N76;N93,,1
120,OR2I1P,4.614,2.5,,2.1,,2.3,,,not_apical,0.199;0.088,0.37,5,bile_duct:stem-like cell;blood:GMP;common_bile_duct:stem-like cell;thymus:myofibroblast;thymus:Schwann cell,0.69,0.02380952381,0,0,ENST00000641730;ENST00000641137;ENST00000642037,NA;TM;NA,34;33;33,NA;7;NA,NA-NA;16-33;NA-NA,NA;24O.24M.12I.21M.16O.22M.24I.22M.33O.24M.18I.16M.16O.20M.23I;NA,NA;315;NA,,,0.57
11,SLC17A3,1.171,2,,2.4,2.5,2.3,,,apical,8.176;7.707,0.86,1,kidney:proximal tubule-convoluted,0.81,0.7142857143,0.5238095238,0.1428571429,ENST00000509714;ENST00000397060;ENST00000361703,NA;TM;TM,13;13;13,NA;12;10,NA-NA;4-54;6-41,NA;38I.21M.54O.21M.7I.16M.15O.11M.21I.16M.11O.21M.43I.10M.27O.21M.16I.20M.4O.16M.21I.21M.10O.21M.16I;40I.21M.41O.10M.14I.21M.6O.21M.37I.21M.23O.21M.15I.20M.6O.21M.11I.20M.14O.21M.16I,NA;498;420,N49;N60;N68;N77,,0.88
47,SLC3A1,3.3,2,,2.5,2.5,2.333333333,,minor 5 end bias,apical,10.028;7.613,0.67,9,bile_duct:cholangiocytes;common_bile_duct:cholangiocytes;kidney:Connecting tubule;kidney:proximal tubule;kidney:proximal tubule-convoluted;kidney:Thick ascending limb of Loop of Henle;pancreas:ductal cell;uterus:ciliated cell-proliferating;uterus:luminal cell,0.75,0.9761904762,0.9523809524,0.6666666667,ENST00000260649;ENST00000409387;ENST00000611973,TM;TM;TM,18;17;17,1;1;1,575-575;454-454;442-442,87I.23M.575O;87I.23M.454O;87I.23M.442O,685;564;552,N214;N261;N332;N495;N513;N575,,1
5,NAT8,0.086,2,,2.1,3,2.366666667,,,not_apical,18.109;6.129,0.96,3,kidney:Distinct proximal tubule;kidney:proximal tubule;kidney:proximal tubule-convoluted,0.69,0.7857142857,0.5952380952,0.1666666667,ENST00000272425,TM,100,2,2-2,41I.16M.2O.19M.149I,227,,,0.93
93,SLC28A1,4.486,2.25,,2.5,,2.375,,,not_apical,2.055;1.807,0.38,5,liver:cholangiocytes;liver:endothelial cell-portal;liver:hepatocyte-interzonal;liver:hepatocyte-pericentral;liver:hepatocyte-periportal,0.94,0.9523809524,0.8095238095,0.2142857143,ENST00000394573;ENST00000538177;ENST00000286749,TM;TM;TM,29;24;24,11;9;11,7-105;7-63;7-105,83I.21M.7O.17M.21I.21M.8O.17M.10I.17M.51O.26M.40I.15M.12O.21M.23I.21M.105O.16M.19I.15M.63O;83I.21M.7O.17M.21I.21M.8O.17M.10I.17M.51O.17M.49I.16M.15O.16M.15I.19M.63O;83I.21M.7O.17M.21I.21M.8O.17M.10I.17M.51O.26M.40I.15M.12O.21M.23I.21M.105O.16M.19I.15M.63O,649;483;649,N605;N643,,1
52,CLDN2,3.357,2.5,,1.75,3,2.416666667,,,not_apical,1.918;1.786,0.65,4,bile_duct:cholangiocytes;common_bile_duct:cholangiocytes;kidney:proximal tubule;kidney:proximal tubule-convoluted,0.88,0.6904761905,0.4285714286,0.02380952381,ENST00000541806;ENST00000336803;ENST00000540876,TM;TM;TM,42;31;27,4;4;4,23-54;23-54;23-54,7I.20M.54O.21M.14I.21M.23O.21M.49I;7I.20M.54O.21M.14I.21M.23O.21M.49I;7I.20M.54O.21M.14I.21M.23O.21M.49I,230;230;230,,,0.9
82,FCAMR,3.529,2.25,,2.5,2.5,2.416666667,,,not_apical,0.22;0.084,0.44,3,kidney:proximal tubule;kidney:proximal tubule-convoluted;thymus:endothelial cell,0.75,0.02380952381,0,0,ENST00000400962;ENST00000324852;ENST00000450945,SP+TM;SP+TM;SP+TM,27;24;23,1;1;1,166-166;436-436;166-166,60S.166O.21M.18I;60S.436O.20M.61I;60S.166O.21M.18I,265;577;265,N167,T423;T249;T182;T242,0.33
10862,UGT2A3,8,2.5,,2.4,,2.45,,,not_apical,2.715;1.975,0.33,10,pancreas:ductal cell;small_intestine:enterocyte;kidney:proximal tubule-convoluted;common_bile_duct:cholangiocytes;bile_duct:cholangiocytes;kidney:proximal tubule;liver:cholangiocytes;bile_duct:stem-like cell;kidney:Distinct proximal tubule;common_bile_duct:stem-like cell,0.81,0.880952381,0.7380952381,0.1428571429,ENST00000251566;ENST00000503012,SP+TM;GLOB,72;28,1;0,467-467;172-172,23S.467O.22M.15I;172O,527;172,N313,,1
45,CA9,3.3,2,,2.5,3,2.5,,,not_apical,6.355;5.596,0.74,6,bile_duct:cholangiocytes;breast:basal cell;common_bile_duct:cholangiocytes;stomach:chief cell;stomach:mucous cell-gland;stomach:proliferating cell;testes:non immune,0.88,0.9761904762,0.9761904762,0.7857142857,ENST00000378357;ENST00000617161;ENST00000493245,SP+TM;SP;NA,49;48;2,1;0;NA,377-377;319-319;NA-NA,37S.377O.21M.24I;37S.319O;NA,459;356;NA,N346,T115,0.98
97,CDH16,4.486,2.5,,2.5,,2.5,,,not_apical,1.526;1.274,0.39,9,kidney:Connecting tubule;kidney:epithelial cell-progenitor;kidney:intercalated cell-indistinct;kidney:intercalated cell-type A;kidney:intercalated cell-type B;kidney:Principal cell;kidney:proximal tubule;kidney:proximal tubule-convoluted;kidney:Thick ascending limb of Loop of Henle,0.88,0.880952381,0.619047619,0.02380952381,ENST00000394055;ENST00000567269;ENST00000299752,SP+TM;SP;SP+TM,14;14;14,1;0;1,745-745;157-157;767-767,18S.745O.21M.23I;18S.157O;18S.767O.21M.23I,807;175;829,N517;N602;N722,T65;T666;T705,1
26,BRS3,2.357,2.75,,2.35,,2.55,,,not_apical,0.109;0.079,0.65,1,pancreas:alpha cell,0.88,0.02380952381,0,0,ENST00000370648,TM,67,7,12-48,48O.21M.14I.26M.12O.22M.21I.21M.29O.24M.33I.22M.16O.21M.69I,399,N10;N18,,0.19
101,RNF186,4.5,3,,2.15,,2.575,,,not_apical,2.132;1.659,0.37,7,appendix:enterocyte;appendix:epithelial cell;colon:enterocyte;kidney:proximal tubule-convoluted;rectum:enterocyte-Best4+;rectum:enteroendocrine-intestinal;rectum:stem-like/TA,0.69,0.6666666667,0.3571428571,0.02380952381,ENST00000375121,TM,100,2,7-7,154I.19M.7O.19M.28I,227,,,0.9
17,ADAM18,1.271,3,,2.25,,2.625,,Somewhat lowly expressed probably need to validate protein (Not good tx need to investigate!),not_apical,0.298;0.213,0.61,1,spine:neuron;testes:non immune,0.75,0.2142857143,0,0,ENST00000523755;ENST00000524117;ENST00000265707,NA;NA;SP+TM,46;44;3,NA;NA;1,NA-NA;NA-NA;671-671,NA;NA;16S.671O.21M.31I,NA;NA;739,N36;N76;N122;N149;N156;N177;N294;N359;N465;N561;N611;N625,,0.5
29,RAB42,2.386,3,2,3.1,,2.7,,"Normally localized to ER but Glioma study suggesting its on the cell membrane, and is an interesting isoform",not_apical,2.618;1.503,0.53,2,thymus:cTEC;thymus:cTEC-proliferating,0.19,0.4761904762,0.2857142857,0.02380952381,ENST00000465518;ENST00000373826,GLOB;GLOB,71;29,0;0,NA-NA;NA-NA,218I;105I,218;105,,,0.76
50,FXYD2,3.343,2.5,,3,,2.75,,Expressed in too many places including cholagiocytes,not_apical,139.914;98.754,0.61,9,bile_duct:cholangiocytes;kidney:Distinct proximal tubule;kidney:epithelial cell-progenitor;kidney:intercalated cell-indistinct;kidney:intercalated cell-type A;kidney:proximal tubule;kidney:proximal tubule-convoluted;kidney:Thick ascending limb of Loop of Henle;pancreas:ductal cell,0.69,1,1,0.9047619048,ENST00000534383;ENST00000292079;ENST00000533281,NA;TM;NA,19;19;14,NA;1;NA,NA-NA;27-27;NA-NA,NA;27O.19M.20I;NA,NA;66;NA,,,1
24,UGT1A8,2.357,3,3,2.35,3,2.8375,,,not_apical,5.36;0.205,0.96,0,,0.69,0.09523809524,0.02380952381,0.02380952381,ENST00000373450,SP+TM,100,1,460-460,25S.460O.21M.24I,530,N71;N292;N344,,0.17
67,UGT1A3,3.471,2.5,3,2.85,3,2.8375,,,not_apical,0.194;0.036,0.42,0,,0.69,0.02380952381,0,0,ENST00000482026,SP+TM,100,1,461-461,28S.461O.23M.22I,534,N119;N142;N296;N348,,0.24
20,PNCK,1.314,3,,2.75,,2.875,,,not_apical,8.866;7.297,0.7,3,CNS_forebrain:excitatory neuron-forebrain ;CNS_forebrain:resident neuron-forebrain;skin:myocyte-skeletal muscle;testes:non immune,0.12,0.7857142857,0.619047619,0.380952381,ENST00000447676;ENST00000472324;ENST00000370142,GLOB;NA;GLOB,5;5;5,0;NA;0,NA-NA;NA-NA;NA-NA,426I;NA;366I,426;NA;366,,,0.9
39,HLA-G,2.429,3,,2.75,,2.875,,,not_apical,1.361;1.144,0.37,3,lung:Alveolar epithelial cell-Type 1;pan:B cell;rectum:goblet,0.88,0.4761904762,0.2619047619,0,ENST00000478355;ENST00000360323;ENST00000376818,NA;SP+TM;SP+TM,19;17;15,NA;1;1,NA-NA;283-283;194-194,NA;24S.283O.25M.6I;24S.194O.21M.7I,NA;338;246,N110,,0.79
98,EGLN3,4.486,3,,2.75,,2.875,,Doesnt really look surface,not_apical,10.86;10.165,0.43,9,bile_duct:fibroblast-mesenchymal;bile_duct:stem-like cell;breast:endothelial cell;common_bile_duct:stem-like cell;pan:pDC;pbmc:platelet;rectum:myeloid cell;skin:epithelial cell-lymphatic;spine:astrocyte,0.06,1,0.9523809524,0.9285714286,ENST00000250457;ENST00000547327;ENST00000553215,GLOB;GLOB;GLOB,43;40;13,0;0;0,NA-NA;NA-NA;NA-NA,239I;148I;145I,239;148;145,,,1
23,SLC10A2,2.357,3,,2.85,,2.925,,No compelling reason to purse over other apical targets,apical,1.756;0.153,0.78,0,,0.75,0.1428571429,0.02380952381,0.02380952381,ENST00000245312,TM,100,9,4-29,29O.21M.17I.23M.4O.10M.24I.21M.15O.18M.13I.20M.10O.19M.22I.10M.12O.19M.41I,348,N10,,0.38
64,UGT1A7,3.443,3,,2.85,,2.925,,,not_apical,0.778;0.094,0.69,0,,0.69,0.04761904762,0.02380952381,0,ENST00000373426;ENST00000485022,SP+TM;GLOB,88;12,1;0,460-460;157-157,25S.460O.21M.24I;157O,530;157,N71;N292;N344,,0.26
27,NXPH4,2.357,3,3,2.85,3,2.9625,,,not_apical,3.102;2.545,0.58,1,eye:horizontal cell,0.06,0.8095238095,0.5,0.07142857143,ENST00000349394;ENST00000556415;ENST00000555154,SP;SP;NA,50;38;12,0;0;NA,286-286;7-7;NA-NA,22S.286O;29S.7O;NA,308;36;NA,N72;N133;N143;N149,,0.95
37,GPR143,2.429,3.5,,2.5,,3,,"Complicated ECDs, lots of brain expression, maybe will be more compelling for ADC pipeline",apical,5.09;0.374,0.81,2,eye:melanocyte;skin:melanocyte,0.75,0.1428571429,0.04761904762,0.02380952381,ENST00000467482;ENST00000447366;ENST00000431126,TM;TM;TM,59;23;13,7;6;5,18-27;17-21;1-21,27O.21M.24I.21M.23O.23M.16I.21M.18O.20M.31I.24M.20O.21M.94I;1I.10M.21O.23M.16I.22M.17O.20M.31I.23M.21O.21M.41I;1I.10M.21O.23M.16I.22M.17O.20M.30I.10M.1O,404;267;171,N106,,0.4
56,AMACR,3.386,3,,3,,3,,"ionocyte, expressed in kidney, is up on several cancers but is prob only mito localized, chang says 1/3 are membrane localized",not_apical,4.556;3.43,0.51,4,kidney:Distinct proximal tubule;kidney:proximal tubule;kidney:proximal tubule-convoluted;rectum:enterocyte,0.19,1,0.7857142857,0.07142857143,ENST00000335606;ENST00000502637;ENST00000382072,GLOB;GLOB;GLOB,15;14;14,0;0;0,NA-NA;NA-NA;NA-NA,382I;367I;198I,382;367;198,,,1
74,TTC39A,3.5,3,,3,,3,,Probably not surface,not_apical,3.097;1.621,0.46,0,testes:non immune,0.06,0.8333333333,0.4523809524,0.04761904762,ENST00000530004;ENST00000413473;ENST00000534098,GLOB;GLOB;NA,13;11;10,0;0;NA,NA-NA;NA-NA;NA-NA,221I;581I;NA,221;581;NA,,,1
105,FMO1,4.529,3,,3,,3,,"minor 5 end bias, only small TM domain present in all isoforms -- not worth it",not_apical,3.489;1.196,0.49,4,eye:Corneal basal cell;kidney:Distinct proximal tubule;kidney:proximal tubule;kidney:proximal tubule-convoluted,0.81,0.5714285714,0.2380952381,0.02380952381,ENST00000617670;ENST00000367750;ENST00000402921,TM;TM;TM,21;21;17,1;1;1,1-1;1-1;1-1,510I.21M.1O;510I.21M.1O;447I.21M.1O,532;532;469,,,0.76
108,SLCO4C1,4.557,3,,3,,3,,"Many TM domains, bad lung off-target, no reason to prioritize",not_apical,1.602;0.703,0.36,6,blood:GMP;blood:granulocyte;blood:neutrophil;kidney:epithelial cell-progenitor;kidney:proximal tubule-convoluted;lung:Alveolar epithelial cell-Type 2,1,0.9285714286,0.5476190476,0.02380952381,ENST00000310954,TM,100,12,14-104,106I.24M.14O.21M.9I.21M.34O.21M.14I.22M.28O.19M.48I.23M.14O.25M.10I.21M.104O.22M.12I.22M.27O.28M.35I,724,,T557,0.95
13,GAL3ST1,1.2,3,,3.25,,3.125,,Maybe good for ADC if brain exclusion,not_apical,4.633;3.119,0.56,0,,0.81,0.9761904762,0.7619047619,0.2142857143,ENST00000401975;ENST00000406361;ENST00000402321,TM;TM;TM,6;6;6,1;1;1,390-390;390-390;390-390,12I.21M.390O;12I.21M.390O;12I.21M.390O,423;423;423,N66;N312,S51;T45;T44,1
36,UGT1A10,2.429,3,,3.25,,3.125,,,not_apical,0.665;0.176,0.47,1,rectum:myeloid cell,0.69,0.04761904762,0.02380952381,0,ENST00000344644;ENST00000373445,SP+TM;SP,62;38,1;0,460-460;416-416,25S.460O.21M.24I;25S.416O,530;441,N71;N292;N344,,0.24
49,SLC6A13,3.329,2.5,,3.75,,3.125,,mid 5 end bias - might have a brain/kidney & kidney specific isoform that would be good isoform or ADC candidate,not_apical,7.814;2.234,0.82,9,CNS_diencephalon:endothelial cell;CNS_diencephalon:Leptomeningeal cell;CNS_hindbrain:endothelial cell;CNS_midbrain:Vascular leptomeningeal cell;CNS_telencephalon:pericyte;eye:retinal pigment epithelium;kidney:proximal tubule;kidney:proximal tubule-convoluted;liver:hepatocyte-interzonal,0.75,0.7142857143,0.5,0.04761904762,ENST00000343164;ENST00000536842;ENST00000539260,TM;NA;TM,17;17;15,12;NA;2,6-62;NA-NA;6-6,40I.21M.6O.21M.32I.21M.62O.21M.8I.21M.24O.21M.26I.16M.27O.21M.36I.22M.6O.18M.25I.18M.18O.20M.51I;NA;40I.21M.6O.21M.35I,602;NA;123,N173;N269,,0.93
55,VEGFA,3.371,3,,3.25,,3.125,,No compelling reason to work on this,not_apical,28.78;27.55,0.37,9,colon:stromal cell;eye:astrocyte;eye:glial cell;eye:Muller cell;eye:photoreceptor cell;kidney:podocyte;skeletal_muscle:macrophage;spine:polydendrocyte;uterus:myeloid cell,0.62,1,0.9761904762,0.9285714286,ENST00000372067;ENST00000672860;ENST00000476772,TM;NA;NA,15;15;12,1;NA;NA,175-175;NA-NA;NA-NA,186I.10M.175O;NA;NA,371;NA;NA,N101,,1
106,SLC5A1,4.529,3.5,,2.75,,3.125,,Bad off-target (cholangiocyte) and not better than other SLC's,apical,2.106;1.478,0.38,6,bile_duct:cholangiocytes;common_bile_duct:cholangiocytes;liver:cholangiocytes;small_intestine:enterocyte;small_intestine:epithelial cell-progenitor;small_intestine:goblet cell-progenitor,1,0.2857142857,0.09523809524,0.02380952381,ENST00000266088;ENST00000543737;ENST00000477969,TM;TM;NA,63;33;3,14;11;NA,1-50;1-51;NA-NA,28O.21M.20I.18M.11O.21M.25I.21M.12O.21M.2I.23M.50O.22M.18I.21M.46O.21M.22I.21M.11O.15M.15I.21M.20O.21M.95I.21M.1O;17I.21M.11O.21M.3I.23M.51O.21M.19I.19M.48O.20M.22I.21M.11O.15M.15I.21M.20O.21M.95I.21M.1O;NA,664;537;NA,N248,T10;T14;T11,0.74
116,TINAG,4.6,3,,3.25,,3.125,,"minor 5 end bias, maybe will be better for ADC but not bad overall",not_apical,0.966;0.903,0.35,5,CNS_hindbrain:Dorsal Root ganglion cell;kidney:Distinct proximal tubule;kidney:proximal tubule;kidney:proximal tubule-convoluted;kidney:Thick ascending limb of Loop of Henle,0.19,0.7142857143,0.2857142857,0,ENST00000259782;ENST00000486436;ENST00000370864,SP;NA;GLOB,31;25;24,0;NA;0,457-457;NA-NA;203-203,19S.457O;NA;203O,476;NA;203,N38;N175;N314;N360;N455,T112,0.95
15,TMEM252,1.257,3,3,2.7,4,3.175,,basolateral surface in multiple tissues,not_apical,2.213;0.349,0.89,0,,0.69,0.1666666667,0.04761904762,0,ENST00000377311,TM,100,2,11-11,6I.22M.11O.21M.110I,170,,,0.67
32,MCHR1,2.4,3.5,3,3.3,3,3.2,,,not_apical,0.59;0.357,0.44,0,,0.88,0.3095238095,0.07142857143,0,ENST00000249016;ENST00000381433;ENST00000498400,TM;TM;NA,42;36;14,7;5;NA,17-109;1-109;NA-NA,109O.26M.13I.21M.17O.22M.20I.21M.25O.24M.27I.21M.17O.20M.39I;109O.23M.17I.11M.1O.11M.27I.21M.17O.20M.39I;NA,422;296;NA,N82;N85;N92,,0.57
81,OR2AT4,3.529,3,3.5,3.25,3.5,3.3125,,,not_apical,0.086;0.012,0.48,2,spine:interneuron;spine:Schwann cell-myelinating,0.81,0.02380952381,0,0,ENST00000641541;ENST00000641593;ENST00000641504,TM;TM;TM,12;12;12,7;7;7,10-33;10-33;10-33,29O.26M.8I.21M.18O.21M.24I.21M.33O.23M.21I.21M.10O.21M.23I;29O.26M.8I.21M.18O.21M.24I.21M.33O.23M.21I.21M.10O.21M.23I;29O.26M.8I.21M.18O.21M.24I.21M.33O.23M.21I.21M.10O.21M.23I,320;320;320,N7,,0.1
51,PDZK1IP1,3.343,3.5,,3.25,,3.375,,minor 5 end bias,not_apical,18.512;16.04,0.54,9,breast:luminal-secretory;esophagus:epithelial cell-suprabasal;kidney:Distinct proximal tubule;kidney:podocyte;kidney:proximal tubule;kidney:proximal tubule-convoluted;pbmc:platelet;salivary_gland:ductal cell;trachea:serous cell-trachea,0.69,1,1,0.9523809524,ENST00000294338;ENST00000371885;ENST00000489919,SP+TM;SP+TM;NA,39;26;25,1;1;NA,13-13;13-13;NA-NA,20S.13O.17M.64I;20S.13O.17M.64I;NA,114;114;NA,,,1
61,ERVV-2,3.429,2.75,,4,,3.375,,,not_apical,1.05;0.031,0.97,0,,0.88,0.02380952381,0.02380952381,0,ENST00000601417,SP+TM,25,1,438-438,21S.438O.10M.66I,535,N68,,0.05
99,NPR3,4.486,3.5,,3.25,,3.375,,minor 5 end bias,not_apical,3.695;1.621,0.36,9,bone_marrow:HSC;bone_marrow:LMPP;bone_marrow:progenitor-Mk;heart:endothelial cell-other;kidney:podocyte;kidney:proximal tubule-convoluted;lung:artery cell;lung:capillary cell-intermediate;pbmc:HSPC,0.94,0.6904761905,0.4761904762,0.04761904762,ENST00000265074;ENST00000326958;ENST00000434067,SP+TM;TM;TM,28;22;18,1;1;1,462-462;266-266;267-267,21S.462O.21M.37I;266O.21M.37I;267O.21M.37I,541;324;325,N86;N293;N394;N349,,0.95
14,SLC18A3,1.257,4,4,3.15,3,3.5375,,,not_apical,0.694;0.367,0.86,0,,0.88,0.07142857143,0.07142857143,0,ENST00000374115,TM,75,12,2-69,33I.21M.69O.23M.6I.20M.2O.21M.18I.23M.6O.21M.26I.18M.21O.21M.7I.20M.4O.22M.15I.21M.10O.21M.63I,532,N89;N96,,0.21
53,CYP2J2,3.371,4,,3.1,,3.55,,,not_apical,3.825;3.028,0.44,9,CNS_diencephalon:astrocyte;CNS_diencephalon:oligodendrocyte-precursor cell;CNS_hindbrain:astrocyte;CNS_hindbrain:oligodendrocyte-Pons/medulla;CNS_hindbrain:oligodendrocyte-Spinal cord;CNS_midbrain:astrocyte;CNS_midbrain:oligodendrocyte-mature;lung:goblet cell;spine:oligodendrocyte,0.75,0.8333333333,0.6666666667,0.1666666667,ENST00000371204;ENST00000468257;ENST00000469406,SP+TM;TM;SP,24;24;23,1;1;0,1-1;19-19;52-52,19S.1O.15M.467I;19O.16M.367I;32S.52O,502;402;84,,,0.95
16,EPO,1.271,4,4,3.75,3,3.6875,,Not Surface?,not_apical,1.503;0.92,0.89,0,,0.06,0.1904761905,0.09523809524,0,ENST00000252723,SP,100,0,166-166,27S.166O,193,N51;N65;N110,S153,0.43
38,ALPK2,2.429,4,,3.5,,3.75,,,not_apical,1.319;1.112,0.37,3,liver:hepatocyte-pericentral;liver:hepatocyte-periportal;thymus:mTEC-immature,0.19,0.880952381,0.6904761905,0,ENST00000590662;ENST00000361673;ENST00000589204,NA;GLOB;NA,38;27;14,NA;0;NA,NA-NA;NA-NA;NA-NA,NA;2170I;NA,NA;2170;NA,,,1
94,GATM,4.486,4,,3.5,,3.75,,,not_apical,24.479;5.182,0.54,7,kidney:Distinct proximal tubule;kidney:proximal tubule;kidney:proximal tubule-convoluted;liver:hepatocyte;ovary:non immune;pancreas:acinar cell;pancreas:acinar cell-REG+;pancreas:acinar cell-secretory;testes:non immune,0.19,0.9761904762,0.9285714286,0.5476190476,ENST00000558362;ENST00000396659;ENST00000558336,NA;GLOB;GLOB,17;16;15,NA;0;0,NA-NA;NA-NA;NA-NA,NA;423I;391I,NA;423;391,,,1
112,SCGN,4.571,4,,3.5,,3.75,,,not_apical,2.44;1.444,0.35,9,CNS_hindbrain:excitatory neuron-thalamic;colon:enteroendocrine;heart:endothelial cell-other;heart:pericyte;lymph_node:endothelial cell;pancreas:alpha cell;pancreas:beta cell;small_intestine:enteroendocrine;stomach:enteroendocrine,0.19,0.5238095238,0.2142857143,0,ENST00000377961;ENST00000612225;ENST00000334979,GLOB;SP;SP,45;38;17,0;0;0,NA-NA;33-33;33-33,276I;16S.33O;16S.33O,276;49;49,,,0.79
147,IL17RB,5.686,4,,3.5,,3.75,,,not_apical,2.645;0.478,0.42,4,appendix:tuft cell;colon:tuft cell;kidney:proximal tubule-convoluted;small_intestine:tuft cell,0.88,0.3333333333,0.07142857143,0.02380952381,ENST00000288167;ENST00000475124;ENST00000494338,SP+TM;NA;SP+TM,35;34;31,1;NA;1,278-278;NA-NA;260-260,14S.278O.21M.189I;NA;14S.260O.21M.53I,502;NA;348,N67;N103;N156;N183;N197;N283,,0.88
31,HTR6,2.4,4,4,3.6,3.5,3.775,,,not_apical,0.252;0.131,0.46,0,,0.75,0.1428571429,0.02380952381,0,ENST00000289753,TM,100,7,12-28,28O.23M.11I.23M.14O.23M.20I.24M.21O.22M.60I.21M.12O.21M.117I,440,,,0.48
68,UGT1A5,3.471,3.5,4,4,4,3.875,,,not_apical,0.038;0.007,0.47,0,,0.69,0,0,0,ENST00000373414,SP+TM,100,1,461-461,28S.461O.23M.22I,534,N119;N296;N348,,0.02
128,GPR151,4.614,4,,3.75,,3.875,,,not_apical,0.009;0,0.37,8,CNS_diencephalon:excitatory neuron;CNS_forebrain:interneuron-SST+;pan:T cell CD8;salivary_gland:ductal cell;spine:astrocyte;spine:motor neuron-inhibitory;thymus:mesothelial;thymus:mTEC,0.88,0,0,0,ENST00000311104,TM,42,7,15-37,37O.23M.14I.20M.21O.19M.19I.21M.26O.23M.27I.21M.15O.23M.110I,419,N10;N15,,0
33,TMED6,2.4,4,4,3.6,4,3.9,,,not_apical,9.361;0.264,0.88,0,,0.69,0.1428571429,0.02380952381,0.02380952381,ENST00000288025;ENST00000568748,SP+TM;NA,90;10,1;NA,179-179;NA-NA,21S.179O.23M.17I;NA,240;NA,N107;N156,,0.6
129,OR2A1,4.614,4,,3.85,,3.925,,,not_apical,0.018;0,0.38,8,adrenal_gland:fibroblast-progenitor;pan:T cell;spine:adipocyte;spine:endothelial cell;spine:endothelial cell-arterial;spine:endothelial cell-venous;spine:satellite cell;spine:Schwann cell-non myelinating,0.69,0,0,0,ENST00000408951;ENST00000641044,TM;TM,32;18,7;7,13-30;13-30,23O.25M.9I.21M.18O.23M.24I.22M.30O.23M.21I.19M.13O.18M.21I;23O.25M.9I.21M.18O.23M.24I.22M.30O.23M.21I.19M.13O.18M.21I,310;310,,,0.02
35,LRRN4,2.429,4,,4,,4,,,not_apical,0.661;0.113,0.39,1,thymus:mesothelial,0.81,0.07142857143,0.02380952381,0,ENST00000378858,SP+TM,100,1,664-664,18S.664O.21M.37I,740,N42;N176;N289;N379;N442;N622,T540;T44;S423;T416,0.55
59,PLOD2,3.414,4,,4,,4,,,not_apical,12.247;11.524,0.38,9,adrenal_gland:adrenocortical cell-fasciculata;adrenal_gland:adrenocortical cell-glomerulosa;adrenal_gland:fibroblast-progenitor;bile_duct:fibroblast-mesenchymal;CNS_hindbrain:astrocyte;spine:astrocyte;spine:endothelial cell-venous;spine:mesenchymal stem cell;spine:stromal cell,0.19,1,1,0.9285714286,ENST00000282903;ENST00000360060;ENST00000494950,SP;SP;GLOB,28;27;17,0;0;0,733-733;712-712;703-703,25S.733O;25S.712O;703O,758;737;703,N63;N209;N297;N365;N522;N696;N725,,1
121,OR2T2,4.614,4,,4,,4,,,not_apical,0.027;0.018,0.49,5,kidney:Distinct proximal tubule;kidney:epithelial cell-progenitor;kidney:proximal tubule;kidney:proximal tubule-convoluted;thymus:mTEC,0.81,0,0,0,ENST00000641925;ENST00000642130;ENST00000342927,TM;TM;TM,43;40;0,7;7;7,16-32;16-32;16-32,25O.25M.9I.21M.18O.23M.21I.23M.32O.25M.19I.16M.16O.18M.33I;25O.25M.9I.21M.18O.23M.21I.23M.32O.25M.19I.16M.16O.18M.33I;25O.25M.9I.21M.18O.23M.21I.23M.32O.25M.19I.16M.16O.18M.33I,324;324;324,N9,,0.1
131,PCDHA8,4.614,4,,4,,4,,More TME than malig,not_apical,0.024;0.002,0.37,9,adrenal_gland:chromaffin cell;adrenal_gland:chromaffin cell-norepinephrine secreting;CNS_diencephalon:oligodendrocyte-mature;CNS_forebrain:oligodendrocyte;CNS_hindbrain:excitatory neuron-hindbrain ;CNS_midbrain:oligodendrocyte-Pons/medulla;spine:motor neuron-inhibitory;spine:polydendrocyte;stomach:fibroblast,0.81,0,0,0,ENST00000531613;ENST00000378123,SP+TM;SP+TM,74;18,1;1,668-668;668-668,29S.668O.23M.230I;29S.668O.23M.94I,950;814,N257;N265;N548,,0.02
21,PRAME,1.343,,,,,#DIV/0!,,,not_apical,1.163;0.607,0.51,0,ovary:non immune;testes:non immune,0.12,0.380952381,0.1428571429,0.02380952381,ENST00000492657;ENST00000543184;ENST00000405655,NA;GLOB;GLOB,11;11;10,NA;0;0,NA-NA;NA-NA;NA-NA,NA;509I;509I,NA;509;509,,,0.62
25,ARSE,2.357,,,,,#DIV/0!,,,not_apical,4.108;1.679,0.49,1,pancreas:ductal cell,0.81,0.9761904762,0.9523809524,0.1666666667,ENST00000381134;ENST00000545496;ENST00000438544,SP+TM;SP+TM;SP,19;19;17,2;2;0,164-344;164-344;147-147,31S.164O.21M.8I.21M.344O;56S.164O.21M.8I.21M.344O;31S.147O,589;614;178,,,1
30,HTR3A,2.4,,,,,#DIV/0!,,,not_apical,1.239;0.11,0.51,0,,0.75,0.04761904762,0.02380952381,0,ENST00000504030;ENST00000355556;ENST00000375498,SP+TM;SP+TM;SP+TM,8;8;8,4;4;4,3-222;3-222;3-222,19S.222O.26M.6I.19M.10O.19M.134I.20M.3O;25S.222O.26M.6I.19M.45O.16M.134I.20M.3O;25S.222O.26M.6I.19M.10O.19M.134I.20M.3O,478;516;484,N28;N104;N170;N186,,0.1
40,QRFPR,2.443,,,,,#DIV/0!,,,not_apical,0.812;0.768,0.36,5,adrenal_gland:endothelial cell;CNS_hindbrain:Dorsal Root ganglion cell;CNS_hindbrain:oligodendrocyte-precursor cell;eye:endothelial cell;kidney:Ascending vasa recta endothelium,0.88,0.7142857143,0.2857142857,0,ENST00000394427;ENST00000512235;ENST00000334383,TM;NA;TM,39;35;14,7;NA;5,15-45;NA-NA;15-45,45O.24M.12I.23M.15O.22M.20I.22M.29O.23M.38I.21M.18O.23M.96I;NA;45O.25M.11I.23M.15O.22M.21I.21M.29O.17M.29I,431;NA;258,N19,,0.88
41,C4B,2.514,,,,,#DIV/0!,,,not_apical,0.637;0.602,0.36,8,bile_duct:fibroblast-mesenchymal;colon:SMC;kidney:proximal tubule;kidney:SMC;rectum:fibroblast;stomach:fibroblast;thymus:mesothelial;thymus:pericyte-proliferating,0.12,0.5714285714,0.119047619,0,ENST00000648821;ENST00000435363;ENST00000425700,NA;SP;SP,20;17;17,NA;0;0,NA-NA;1725-1725;1679-1679,NA;19S.1725O;19S.1679O,NA;1744;1698,,,0.98
42,TRAV30,2.557,,,,,#DIV/0!,,,not_apical,0.357;0.106,0.38,3,kidney:NKT;pan:T cell;pan:T cell CD8,0.12,0.1428571429,0.02380952381,0,ENST00000557168,SP,100,0,91-91,21S.91O,112,N42,,0.52
46,NDUFA4L2,3.3,,,,,#DIV/0!,,,not_apical,73.294;69.78,0.53,9,adipose:pericyte;bile_duct:pericyte;colon:pericyte;eye:Muller cell;heart:endothelial cell-other;heart:pericyte;heart:SMC;pancreas:stellate cell-quiescent;skeletal_muscle:pericyte,0.69,0.9523809524,0.9523809524,0.880952381,ENST00000393825;ENST00000554503;ENST00000555173,TM;TM;NA,23;23;23,1;1;NA,49-49;49-49;NA-NA,17I.21M.49O;17I.21M.49O;NA,87;87;NA,,,0.98
57,TRIM55,3.414,,,,,#DIV/0!,,,not_apical,1.042;0.954,0.4,7,heart:cardiomyocyte-atrial;heart:cardiomyocyte-other;liver:endothelial cell-portal;liver:hepatocyte-pericentral;liver:hepatocyte-periportal;testes:non immune;thymus:thymic myoid cell;uterus:ciliated cell,0.62,0.8571428571,0.5238095238,0,ENST00000353317;ENST00000350034;ENST00000315962,GLOB;GLOB;GLOB,30;26;25,0;0;0,NA-NA;NA-NA;NA-NA,452I;241I;548I,452;241;548,,,0.93
58,HILPDA,3.414,,,,,#DIV/0!,,,not_apical,12.555;10.977,0.42,9,bladder:epithelial cell-TNNT1+;breast:macrophage;breast:mesenchymal progenitor;esophagus:epithelial cell-suprabasal;spine:astrocyte;uterus:endothelial cell;uterus:endothelial cell-venous;uterus:macrophage;uterus:SMC,0.25,1,0.9761904762,0.8571428571,ENST00000257696;ENST00000435296;ENST00000481454,SP;SP;NA,48;32;18,0;0;NA,31-31;31-31;NA-NA,32S.31O;32S.31O;NA,63;63;NA,,T49;S60;T52;S44;S62,1
60,RRAD,3.414,,,,,#DIV/0!,,,not_apical,27.626;25.644,0.45,9,bladder:interstitial cell-ADRA2A+;bladder:SMC;heart:cardiomyocyte-other;lung:pericyte;skeletal_muscle:myocyte-slow;skeletal_muscle:myocytes-fast;skin:SMC;thymus:pericyte;uterus:SMC,0.25,0.9761904762,0.9761904762,0.7619047619,ENST00000420652;ENST00000299759;ENST00000568915,GLOB;GLOB;GLOB,44;44;5,0;0;0,NA-NA;NA-NA;NA-NA,308I;308I;136I,308;308;136,,,1
62,OR2T5,3.429,,,,,#DIV/0!,,,not_apical,0.002;0,0.99,0,,0.81,0,0,0,ENST00000641363,TM,42,7,10-32,29O.24M.9I.21M.18O.23M.21I.23M.32O.26M.18I.21M.10O.21M.19I,315,N3;N9,,0
63,OR2V1,3.443,,,,,#DIV/0!,,,not_apical,0.029;0,0.74,0,,0.81,0,0,0,ENST00000329365;ENST00000641318;ENST00000642036,TM;TM;TM,15;7;7,7;7;7,13-30;13-30;13-30,25O.25M.10I.19M.19O.23M.23I.23M.30O.23M.25I.16M.13O.19M.22I;25O.25M.10I.19M.19O.23M.23I.23M.30O.23M.25I.16M.13O.19M.22I;25O.25M.10I.19M.19O.23M.23I.23M.30O.23M.25I.16M.13O.19M.22I,315;315;315,N6,,0.02
65,CT83,3.443,,,,,#DIV/0!,,,not_apical,0.018;0,0.86,1,salivary_gland:ductal cell;testes:lymphocyte;testes:macrophage;testes:non immune,0.81,0,0,0,ENST00000371894,SP+TM,8,1,1-1,10S.1O.10M.92I,113,N83,,0.02
66,FAM205C,3.471,,,,,#DIV/0!,,,not_apical,0.021;0,0.38,0,testes:macrophage;testes:non immune,0.75,0,0,0,ENST00000340783;ENST00000603640;ENST00000603592,TM;TM;TM,20;20;18,1;1;1,14-14;14-14;14-14,14O.15M.179I;14O.15M.309I;14O.14M.100I,208;338;128,,,0.02
69,NPHS2,3.471,,,,,#DIV/0!,,,not_apical,0.226;0,0.7,1,kidney:podocyte,0.69,0,0,0,ENST00000367616;ENST00000367615,TM;TM,13;12,2;2,1-1;1-1,102I.10M.1O.10M.192I;102I.10M.1O.10M.260I,315;383,NQ9NP85-2:287,,0.02
71,ANGPTL4,3.471,,,,,#DIV/0!,,,not_apical,27.814;24.164,0.47,9,adipose:pericyte;adrenal_gland:Schwann cell;bile_duct:stem-like cell;breast:basal cell;colon:stromal cell;common_bile_duct:stem-like cell;heart:neuron;rectum:SMC;small_intestine:fibroblast-mesenchymal,0.12,1,1,0.8571428571,ENST00000301455;ENST00000595079;ENST00000393962,SP;SP;SP,12;12;12,0;0;0,381-381;103-103;343-343,25S.381O;25S.103O;25S.343O,406;128;368,N177,T316;T315;T87,1
72,TBC1D3G,3.486,,,,,#DIV/0!,,,not_apical,0.009;0,0.7,0,,0.19,0,0,0,ENST00000569055,GLOB,17,0,NA-NA,549I,549,,,0
73,PCDHA2,3.486,,,,,#DIV/0!,,,not_apical,0.066;0.031,0.41,1,thymus:endothelial cell-proliferating,0.81,0,0,0,ENST00000526136;ENST00000378132;ENST00000520672,SP+TM;SP+TM;SP+TM,63;16;12,1;1;1,668-668;668-668;668-668,29S.668O.23M.228I;29S.668O.23M.104I;29S.668O.23M.88I,948;824;808,N257;N265;N362;N548,,0.07
75,MAS1L,3.5,,,,,#DIV/0!,,,not_apical,0.006;0,0.42,2,appendix:mast cell;pan:T cell,0.81,0,0,0,ENST00000377127,TM,18,7,8-76,76O.24M.9I.22M.16O.22M.22I.22M.8O.27M.16I.22M.10O.21M.61I,378,N54;N57,,0.02
76,TYR,3.5,,,,,#DIV/0!,,,not_apical,2.023;0,0.75,2,eye:melanocyte;skin:melanocyte,0.81,0.02380952381,0.02380952381,0,ENST00000528243;ENST00000263321;ENST00000526139,NA;SP+TM;NA,12;8;5,NA;1;NA,NA-NA;455-455;NA-NA,NA;18S.455O.26M.30I;NA,NA;529;NA,N86;N111;N161;N230;N337;N371,,0.02
78,MLANA,3.514,,,,,#DIV/0!,,,not_apical,2.084;0.013,0.64,2,eye:melanocyte;skin:melanocyte,0.81,0.02380952381,0.02380952381,0,ENST00000381477;ENST00000490518;ENST00000482341,TM;NA;NA,18;12;12,1;NA;NA,27-27;NA-NA;NA-NA,27O.21M.70I;NA;NA,118;NA;NA,,,0.02
79,PCDHGB1,3.514,,,,,#DIV/0!,,,not_apical,0.156;0.097,0.36,3,adrenal_gland:chromaffin cell;adrenal_gland:chromaffin cell-progenitor;lymph_node:endothelial cell;testes:non immune,1,0.04761904762,0,0,ENST00000523390;ENST00000611598,SP+TM;SP+TM,67;33,1;1,660-660;660-660,28S.660O.21M.218I;28S.660O.21M.101I,927;810,N41;N73;N300;N415;N541,,0.33
80,CTAGE8,3.514,,,,,#DIV/0!,,,not_apical,0.011;0.009,0.43,7,colon:fibroblast-mesenchymal;colon:goblet cell-proliferating;kidney:Connecting tubule;kidney:epithelial cell-progenitor;kidney:MNP-c/dendritic cell;kidney:Principal cell;stomach:fibroblast,0.62,0,0,0,ENST00000487179,TM,75,1,42-42,42O.18M.717I,777,,,0.05
83,ART1,3.543,,,,,#DIV/0!,,,not_apical,0.036;0.016,0.36,2,kidney:Descending vasa recta endothelium;spine:endothelial cell,0.31,0,0,0,ENST00000250693;ENST00000529556,SP;NA,23;10,0;NA,305-305;NA-NA,22S.305O;NA,327;NA,N65;N253,,0.05
84,ITGAD,3.543,,,,,#DIV/0!,,,not_apical,0.526;0,0.36,3,pan:NK;spine:neuron;uterus:NKT-proliferating,0.75,0.02380952381,0.02380952381,0,ENST00000389202;ENST00000444228;ENST00000567308,SP+TM;NA;NA,34;8;0,1;NA;NA,1085-1085;NA-NA;NA-NA,17S.1085O.21M.38I;NA;NA,1161;NA;NA,N59;N87;N99;N391;N690;N732;N872;N956;N1045,,0.02
90,CALCR,3.571,,,,,#DIV/0!,,,not_apical,0.491;0.282,0.36,8,CNS_diencephalon:DRG;CNS_diencephalon:microglial cell;CNS_forebrain:microglial cell;CNS_hindbrain:microglial cell;CNS_midbrain:microglial cell;kidney:glomerular endothelium;kidney:Thick ascending limb of Loop of Henle;skeletal_muscle:satellite-stem,0.88,0.2380952381,0.07142857143,0,ENST00000426151;ENST00000649521;ENST00000359558,SP+TM;SP+TM;SP+TM,35;20;19,7;7;7,8-122;8-122;8-122,24S.122O.23M.13I.22M.13O.25M.18I.23M.11O.24M.22I.19M.8O.27M.80I;24S.122O.23M.29I.22M.13O.25M.18I.23M.11O.24M.22I.19M.8O.27M.80I;42S.122O.23M.29I.22M.13O.25M.18I.23M.11O.24M.22I.19M.8O.27M.80I,474;490;508,N28;N73;N125;N130,,0.57
92,SLC37A4,4.471,,,,,#DIV/0!,,,not_apical,4.277;2.134,0.41,6,eye:glial cell;eye:Muller cell;kidney:proximal tubule-convoluted;liver:hepatocyte;pancreas:ductal cell;small_intestine:enterocyte,0.75,1,0.9523809524,0.2857142857,ENST00000532085;ENST00000525102;ENST00000545985,NA;NA;TM,6;6;6,NA;NA;12,NA-NA;NA-NA;5-15,NA;NA;11I.23M.15O.21M.7I.19M.5O.17M.19I.23M.8O.19M.39I.25M.7O.23M.19I.21M.7O.21M.18I.21M.5O.21M.15I,NA;NA;429,,,1
103,CRYAB,4.514,,,,,#DIV/0!,,,not_apical,232.398;183.691,0.36,9,colon:glial cell;heart:cardiomyocyte-atrial;heart:cardiomyocyte-other;kidney:Distinct proximal tubule;kidney:proximal tubule-convoluted;prostate:fibroblast;rectum:enteric glial cell;skeletal_muscle:myocyte-slow;small_intestine:glial cell,0.25,1,1,1,ENST00000652223;ENST00000652606;ENST00000533971,NA;NA;GLOB,6;6;6,NA;NA;0,NA-NA;NA-NA;NA-NA,NA;NA;155I,NA;NA;155,,T170,1
104,TGFBI,4.514,,,,,#DIV/0!,,,not_apical,30.914;23.491,0.37,9,eye:Corneal epithelial cell-superficial;eye:Corneal suprabasal cell;eye:keratocyte-central stroma;eye:Limbal epithelial cell;eye:Limbal epithelial cell-superficial;eye:Limbal suprabasal;eye:LNCP;eye:LPC;eye:stem cell,0.19,0.9523809524,0.8095238095,0.5238095238,ENST00000442011;ENST00000506699;ENST00000507018,SP;NA;GLOB,21;16;16,0;NA;0,660-660;NA-NA;128-128,23S.660O;NA;128O,683;NA;128,,S28,1
107,CYS1,4.529,,,,,#DIV/0!,,,not_apical,1.804;1.368,0.36,9,colon:myofibroblast;kidney:Connecting tubule;kidney:epithelial cell-progenitor;kidney:Principal cell;kidney:proximal tubule;kidney:proximal tubule-convoluted;kidney:Thick ascending limb of Loop of Henle;pancreas:ductal cell;stomach:fibroblast,0.19,0.9047619048,0.6666666667,0.02380952381,ENST00000381813;ENST00000477304,GLOB;NA,86;14,0;NA,NA-NA;NA-NA,158I;NA,158;NA,,,0.95
109,MSLN,4.557,,,,,#DIV/0!,,,not_apical,9.264;4.69,0.48,9,adipose:progenitor-VAT specific;eye:Conjunctival epithelial cell-superficial;eye:Corneal suprabasal cell;eye:Limbal epithelial cell-superficial;heart:mesothelial cell;lung:Alveolar epithelial cell-Type 1;lung:goblet cell;lung:mesothelial cell;thymus:mesothelial,0.38,0.1666666667,0.09523809524,0.07142857143,ENST00000566549;ENST00000545450;ENST00000382862,SP;SP;SP,18;17;17,0;0;0,586-586;586-586;594-594,36S.586O;36S.586O;36S.594O,622;622;630,N57;N388;N496;N523,,0.31
113,MYMK,4.586,,,,,#DIV/0!,,,not_apical,0.042;0,0.72,5,skeletal_muscle:myocyte-slow;spine:fibroblast-progenitor;spine:neuron;thymus:neuroendocrine;thymus:thymic myoid cell,0.62,0,0,0,ENST00000339996;ENST00000413714,TM;NA,5;4,7;NA,3-15;NA-NA,3O.22M.6I.18M.15O.21M.8I.16M.7O.18M.16I.21M.6O.18M.26I;NA,221;NA,,,0.02
118,DIO1,4.614,,,,,#DIV/0!,,,not_apical,1.478;0.035,0.42,0,,0.75,0.02380952381,0.02380952381,0.02380952381,ENST00000526329;ENST00000361921;ENST00000613679,NA;GLOB;GLOB,7;5;5,NA;0;0,NA-NA;NA-NA;NA-NA,NA;249I;248I,NA;249;248,,,0.1
119,ERVFRD-1,4.614,,,,,#DIV/0!,,,not_apical,0.246;0,0.4,4,kidney:Ascending vasa recta endothelium;kidney:glomerular endothelium;lymph_node:mast cell;stomach:mast cell,0.94,0.02380952381,0,0,ENST00000542862;ENST00000472091,SP+TM;SP+TM,26;10,1;1,473-473;473-473,16S.473O.10M.39I;16S.473O.10M.39I,538;538,N133;N146;N177;N220;N241;N247;N312;N332;N443,,0.02
122,TMEM114,4.614,,,,,#DIV/0!,,,apical,0.118;0,0.39,5,CNS_diencephalon:Leptomeningeal cell;CNS_hindbrain:endothelial cell;CNS_midbrain:Vascular leptomeningeal cell;spine:motor neuron-inhibitory;spine:neuron,0.88,0,0,0,ENST00000444171;ENST00000568335;ENST00000620492,NA;TM;TM,5;1;1,NA;3;4,NA-NA;23-27;27-75,NA;23O.24M.5I.26M.27O.24M.13I;7I.22M.75O.24M.5I.26M.27O.24M.13I,NA;142;223,N55;N89,,0.02
123,KCNS1,4.614,,,,,#DIV/0!,,,not_apical,0.109;0.086,0.37,7,bile_duct:cholangiocytes;bile_duct:stem-like cell;CNS_forebrain:Dorsal Root ganglion cell;CNS_forebrain:excitatory neuron-forebrain ;CNS_forebrain:resident neuron-forebrain;common_bile_duct:cholangiocytes;common_bile_duct:stem-like cell,0.75,0.04761904762,0,0,ENST00000537075;ENST00000306117,TM;TM,32;26,6;6,18-39;18-39,220I.19M.34O.19M.14I.15M.18O.16M.20I.21M.39O.18M.73I;220I.19M.34O.19M.14I.15M.18O.16M.20I.21M.39O.18M.73I,526;526,,,0.12
125,PCDHGA11,4.614,,,,,#DIV/0!,,,not_apical,0.283;0.051,0.36,7,adrenal_gland:chromaffin cell;adrenal_gland:macrophage;bile_duct:pericyte;bile_duct:Schwann cell;common_bile_duct:schwann cell;heart:fibroblast;pancreas:acinar cell,0.88,0.02380952381,0.02380952381,0,ENST00000398587;ENST00000518882;ENST00000622044,SP+TM;SP+TM;SP+TM,77;17;7,1;1;1,664-664;595-595;664-664,29S.664O.21M.221I;29S.595O.10M.116I;29S.664O.21M.123I,935;750;837,N48;N255;N266;N420;N546,,0.12
126,SLC34A3,4.614,,,,,#DIV/0!,,,apical,0.09;0.013,0.35,7,kidney:Distinct proximal tubule;kidney:proximal tubule;kidney:proximal tubule-convoluted;small_intestine:enterocyte;tongue:epithelial cell-artery;tongue:pericyte;tongue:schwann cell,0.88,0,0,0,ENST00000538474;ENST00000361134,TM;TM,38;29,10;10,1-112;1-112,72I.21M.25O.21M.52I.18M.112O.21M.34I.13M.1O.10M.23I.10M.10O.21M.21I.21M.7O.21M.65I;72I.21M.25O.21M.52I.18M.112O.21M.34I.13M.1O.10M.23I.10M.10O.21M.21I.21M.7O.21M.65I,599;599,N265;N268;N286;N299,,0.07
127,GGT2,4.614,,,,,#DIV/0!,,,not_apical,0.067;0.023,0.36,8,eye:glial cell;kidney:epithelial cell-progenitor;kidney:Thick ascending limb of Loop of Henle;lung:Alveolar epithelial cell-Type 1;lung:Alveolar epithelial cell-Type 2 signaling;lung:Ionocyte;spine:dorsal root ganglion;testes:non immune;uterus:ciliated cell,0.75,0,0,0,ENST00000401924;ENST00000405188,TM;TM,52;48,1;1,544-544;534-534,4I.21M.544O;4I.21M.534O,569;559,,,0.17
130,UGT1A4,4.614,,,,,#DIV/0!,,,not_apical,0.062;0.015,0.42,8,bile_duct:stem-like cell;common_bile_duct:stem-like cell;liver:endothelial cell-portal;liver:hepatocyte;liver:hepatocyte-interzonal;liver:hepatocyte-pericentral;liver:hepatocyte-periportal;liver:Immune cell,0.69,0.02380952381,0,0,ENST00000373409;ENST00000450233,SP+TM;SP,52;48,1;0,461-461;417-417,28S.461O.21M.24I;28S.417O,534;445,N119;N142;N296;N348,,0.05
133,SLC34A1,4.629,,,,,#DIV/0!,,,apical,0.128;0.024,0.36,4,kidney:Distinct proximal tubule;kidney:proximal tubule;kidney:proximal tubule-convoluted;spine:neuron,0.94,0,0,0,ENST00000512593;ENST00000513614;ENST00000504577,TM;NA;GLOB,20;15;12,3;NA;0,35-103;NA-NA;NA-NA,105I.13M.35O.14M.54I.16M.103O;NA;109I,340;NA;109,N298;N323;N330,,0.1
135,SLC5A2,4.629,,,,,#DIV/0!,,,apical,0.24;0.1,0.36,8,eye:amacrine cell;kidney:Distinct proximal tubule;kidney:proximal tubule;kidney:proximal tubule-convoluted;lymph_node:lymphoid cell-innate;pan:T cell;pbmc:ILC;spine:neuron;testes:non immune,0.75,0.02380952381,0,0,ENST00000564197;ENST00000568188;ENST00000330498,NA;NA;TM,22;21;16,NA;NA;14,NA-NA;NA-NA;1-53,NA;NA;24O.21M.23I.16M.11O.21M.25I.21M.11O.21M.3I.23M.53O.23M.18I.20M.46O.21M.22I.21M.11O.15M.14I.21M.21O.21M.104I.20M.1O,NA;NA;672,N250;N399,T5,0.14
137,IL13RA2,4.657,,,,,#DIV/0!,,,not_apical,1.305;0.086,0.36,3,esophagus:stromal cell;kidney:glomerular endothelium;prostate:fibroblast;testes:non immune,1,0.02380952381,0.02380952381,0,ENST00000468224;ENST00000243213;ENST00000371936,NA;SP+TM;SP+TM,20;20;18,NA;1;1,NA-NA;322-322;322-322,NA;21S.322O.20M.17I;21S.322O.20M.17I,NA;380;380,N115;N215;N290;N299,,0.1
138,MSLNL,4.657,,,,,#DIV/0!,,,not_apical,0.006;0,0.36,8,CNS_forebrain:Dorsal Root ganglion cell;CNS_forebrain:excitatory neuron-forebrain ;CNS_telencephalon:endothelial cell;spine:fibroblast-progenitor;stomach:enteroendocrine;thymus:mTEC;tongue:fibroblast;uterus:luminal cell,0.25,0,0,0,ENST00000537221;ENST00000543963;ENST00000442466,NA;GLOB;GLOB,9;8;8,NA;0;0,NA-NA;752-752;702-702,NA;752O;702O,NA;752;702,N122;N307;N424,,0
139,SMLR1,4.657,,,,,#DIV/0!,,,not_apical,0.435;0.098,0.35,9,liver:endothelial cell;liver:erythroid cell;liver:hepatocyte;liver:hepatocyte-interzonal;liver:hepatocyte-pericentral;liver:hepatocyte-periportal;liver:Immune cell;pan:T cell;small_intestine:enterocyte,0.81,0.02380952381,0.02380952381,0,ENST00000541421,TM,100,2,14-14,21I.17M.14O.21M.34I,107,,,0.57
140,SERPINA9,4.671,,,,,#DIV/0!,,,not_apical,0.017;0,0.36,7,adipose:plasma cell;colon:NKT;lung:lipofibroblast;lung:pDC;pan:B cell;spine:neuron;thymus:mTEC,0.19,0,0,0,ENST00000337425;ENST00000380365;ENST00000538527,SP;SP;GLOB,3;3;3,0;0;0,397-397;397-397;NA-NA,38S.397O;20S.397O;201I,435;417;201,N101;N390,,0.02
141,DUSP13,4.686,,,,,#DIV/0!,,,not_apical,0.301;0.045,0.4,6,blood:granulocyte;heart:cardiomyocyte-atrial;heart:cardiomyocyte-other;skeletal_muscle:myocyte-slow;skeletal_muscle:myocytes-fast;testes:macrophage;testes:non immune;thymus:thymic myoid cell,0.19,0.02380952381,0.02380952381,0,ENST00000372702;ENST00000491677;ENST00000494588,GLOB;GLOB;GLOB,4;4;4,0;0;0,NA-NA;NA-NA;NA-NA,188I;198I;92I,188;198;92,,,0.05
144,ANXA4,5.614,,,,,#DIV/0!,,,not_apical,33.133;15.699,0.47,9,appendix:tuft cell;bile_duct:cholangiocytes;bile_duct:stem-like cell;common_bile_duct:cholangiocytes;liver:cholangiocytes;pancreas:acinar cell-secretory;pancreas:ductal cell;uterus:glandular cell;uterus:luminal cell,0.06,1,1,0.9761904762,ENST00000394295;ENST00000409920;ENST00000460439,GLOB;GLOB;NA,15;14;14,0;0;NA,NA-NA;NA-NA;NA-NA,321I;299I;NA,321;299;NA,,,1
148,SLC17A1,5.686,,,,,#DIV/0!,,,apical,0.747;0.174,0.37,6,kidney:proximal tubule;kidney:proximal tubule-convoluted;liver:endothelial cell-portal;liver:hepatocyte-pericentral;liver:hepatocyte-periportal;liver:plasmablast,0.88,0.2857142857,0.02380952381,0,ENST00000476801;ENST00000244527;ENST00000468082,TM;TM;TM,29;28;24,12;12;12,1-39;1-39;1-39,20I.22M.39O.18M.10I.20M.1O.21M.21I.21M.6O.21M.36I.21M.24O.21M.16I.20M.6O.21M.11I.21M.13O.21M.16I;20I.22M.39O.18M.10I.20M.1O.21M.21I.21M.6O.21M.36I.21M.24O.21M.16I.20M.6O.21M.11I.21M.13O.21M.16I;20I.22M.39O.21M.7I.20M.1O.21M.24I.17M.7O.21M.26I.10M.1O.10M.17I.20M.6O.21M.11I.21M.13O.21M.16I,467;467;413,N41;N49;N58,,0.69
149,SLC9A3,5.686,,,,,#DIV/0!,,,apical,0.626;0.418,0.36,7,bile_duct:fibroblast-mesenchymal;bile_duct:Schwann cell;bile_duct:stem-like cell;colon:colonocyte;common_bile_duct:schwann cell;common_bile_duct:stem-like cell;spine:Schwann cell-myelinating,0.94,0.380952381,0.09523809524,0,ENST00000264938;ENST00000644203;ENST00000514375,SP+TM;SP+TM;SP+TM,47;43;9,13;13;13,3-29;3-29;3-29,25S.29O.21M.2I.29M.7O.15M.11I.28M.11O.22M.7I.21M.19O.28M.8I.21M.3O.16M.17I.19M.9O.25M.14I.17M.11O.21M.378I;25S.29O.21M.2I.29M.7O.15M.11I.29M.10O.22M.7I.21M.19O.28M.8I.21M.3O.16M.15I.21M.9O.25M.14I.17M.11O.21M.433I;25S.29O.21M.2I.29M.7O.15M.11I.28M.11O.22M.7I.21M.19O.28M.8I.21M.3O.16M.17I.19M.9O.25M.13I.18M.11O.21M.369I,834;889;825,N241;N326,,1
258,ANGPT2,8,,,,,#DIV/0!,,,not_apical,1.295;0.458,0.01,8,appendix:endothelial cell-lymphatic;ovary:non immune;breast:endothelial cell;prostate:endothelial cell;lung:fibromyocyte;esophagus:endothelial cell-lymphatic;testes:non immune;uterus:endothelial cell-venous;esophagus:endothelial cell;colon:endothelial cell-lymphatic,0.19,0.119047619,0,0,ENST00000325203;ENST00000629816;ENST00000523120,SP;SP;SP,33;29;26,0;0;0,478-478;477-477;441-441,18S.478O;18S.477O;18S.441O,496;495;459,N89;N119;N133;N151;N240;N304,,0.57
581,TM4SF18,8,,,,,#DIV/0!,,,not_apical,1.965;1.092,0.02,8,kidney:Ascending vasa recta endothelium;ovary:non immune;uterus:endothelial cell-proliferating;pancreas:endothelial cell;uterus:endothelial cell-venous;testes:non immune;colon:endothelial cell-capillary;bile_duct:endothelial cell;stomach:endothelial cell;kidney:Peritubular capillary endothelium,0.75,0.880952381,0.5476190476,0,ENST00000296059;ENST00000491182;ENST00000470080,TM;NA;TM,25;22;22,4;NA;4,21-46;NA-NA;21-46,9I.21M.21O.17M.22I.23M.46O.19M.23I;NA;9I.21M.21O.17M.22I.23M.46O.19M.23I,201;NA;201,,,0.95
930,CCDC146,8,,,,,#DIV/0!,,,not_apical,5.38;3.758,0.18,9,CNS_midbrain:Ependymal cells;CNS_hindbrain:astrocyte progenitor;CNS_diencephalon:Ependymal cell;uterus:ciliated cell;lung:cilliated cell;testes:non immune;uterus:ciliated cell-proliferating;CNS_diencephalon:excitatory neuron-cerebral;spine:Schwann cell-myelinating;CNS_hindbrain:Dorsal Root ganglion cell,0.06,0.5714285714,0.380952381,0.2142857143,ENST00000461259;ENST00000474733;ENST00000415740,NA;NA;NA,31;22;15,NA;NA;NA,NA-NA;NA-NA;NA-NA,NA;NA;NA,NA;NA;NA,,,1
2152,PCDHB6,8,,,,,#DIV/0!,,,not_apical,0.24;0.202,0.32,9,testes:non immune;common_bile_duct:schwann cell;bile_duct:Schwann cell;CNS_diencephalon:endothelial cell;heart:neuron;heart:pericyte;CNS_telencephalon:pericyte;CNS_telencephalon:astrocyte;skin:epithelial cell-lymphatic;CNS_hindbrain:astrocyte,0.88,0.09523809524,0,0,ENST00000231136;ENST00000622991,SP+TM;TM,62;38,1;1,660-660;551-551,27S.660O.22M.85I;551O.22M.85I,794;658,N46;N183;N416;N565,,0.36
2780,TLR3,8,,,,,#DIV/0!,,,not_apical,0.82;0.554,0.12,9,lung:capillary cell-aerocyte;testes:non immune;CNS_hindbrain:microglial cell;appendix:endothelial cell;CNS_midbrain:microglial cell;common_bile_duct:schwann cell;pancreas:endothelial cell-arterial;adipose:endothelial cell-arterial;kidney:Ascending vasa recta endothelium;salivary_gland:macrophage,0.94,0.8571428571,0.5714285714,0,ENST00000296795;ENST00000513189;ENST00000512264,SP+TM;SP;NA,49;38;8,1;0;NA,680-680;330-330;NA-NA,21S.680O.22M.181I;21S.330O;NA,904;351;NA,N52;N57;N70;N124;N196;N247;N252;N265;N275;N291;N398;N413;N507;N636;N662;N140,,1
3501,APOL1,8,,,,,#DIV/0!,,,not_apical,2.385;2.121,0.1,10,uterus:glandular cell;uterus:luminal cell;uterus:epithelial cell;uterus:ciliated cell;lung:capillary cell-aerocyte;uterus:ciliated cell-proliferating;heart:endothelial cell-immune related;uterus:epithelial cell-proliferating;bladder:epithelial cell-TNNT1+;lung:capillary cell,0.12,0.880952381,0.4047619048,0.02380952381,ENST00000422706;ENST00000397278;ENST00000426053,SP;SP;SP,16;16;15,0;0;0,371-371;371-371;359-359,27S.371O;27S.371O;21S.359O,398;398;380,N261,T59;T236,1
3956,C5orf15,8,,,,,#DIV/0!,,,not_apical,1.859;1.77,0.05,10,heart:adipocyte;lung:cilliated cell;common_bile_duct:schwann cell;spine:glial cell;bile_duct:Schwann cell;stomach:glia cell-enteric;heart:neuron;stomach:fibroblast;skin:fibroblast-secretory papillary;uterus:ciliated cell,0.69,1,1,0.4047619048,ENST00000231512;ENST00000509913;ENST00000507191,SP+TM;NA;NA,40;31;29,1;NA;NA,153-153;NA-NA;NA-NA,45S.153O.17M.50I;NA;NA,265;NA;NA,,,1
4124,CCND1,8,,,,,#DIV/0!,,,not_apical,12.139;9.54,0.18,10,lung:epithelial cell;pancreas:ductal cell;lung:Alveolar epithelial cell-Type 1;eye:retinal ganglion cell;lung:capillary cell;kidney:glomerular endothelium;uterus:epithelial cell;pancreas:SMC;eye:Corneal basal cell;eye:Corneal suprabasal cell,0.12,1,1,0.880952381,ENST00000227507;ENST00000539241;ENST00000536559,GLOB;NA;GLOB,32;26;20,0;NA;0,NA-NA;NA-NA;NA-NA,295I;NA;67I,295;NA;67,,,1
4249,CDH6,8,,,,,#DIV/0!,,,not_apical,4.592;3.365,0.2,10,CNS_diencephalon:endothelial cell;spine:pericyte;adrenal_gland:Schwann cell;uterus:pericyte;kidney:proximal tubule;CNS_diencephalon:excitatory neuron-cerebral;spine:SMC;CNS_hindbrain:endothelial cell;lung:pericyte;liver:cholangiocytes,1,0.9523809524,0.8571428571,0.2142857143,ENST00000265071;ENST00000514738;ENST00000506396,SP+TM;TM;NA,51;33;10,1;1;NA,592-592;561-561;NA-NA,21S.592O.21M.156I;561O.16M.31I;NA,790;608;NA,N49;N255;N399;N437;N455;N536,,1
5432,FLT1,8,,,,,#DIV/0!,,,not_apical,0.566;0.286,0,10,adrenal_gland:endothelial cell;spine:endothelial cell;CNS_diencephalon:endothelial cell;CNS_telencephalon:pericyte;spine:endothelial cell-arterial;eye:endothelial cell-arterial;appendix:endothelial cell;eye:endothelial cell;colon:endothelial cell-capillary;stomach:endothelial cell,1,0.09523809524,0,0,ENST00000639477;ENST00000615840;ENST00000282397,SP;SP;SP+TM,27;25;18,0;0;1,639-639;661-661;732-732,26S.639O;26S.661O;26S.732O.22M.558I,665;687;1338,N100;N164;N196;N251;N323;N402;N417;N474;N547;N597;N620;N625;N666,,0.5
5572,GALNT14,8,,,,,#DIV/0!,,,not_apical,2.308;2.244,0.1,10,adrenal_gland:chromaffin cell;adrenal_gland:chromaffin cell-progenitor;CNS_diencephalon:resident neuron-diencephalon;CNS_midbrain:Dorsal Root ganglion cell;CNS_hindbrain:resident neuron-hindbrain;CNS_hindbrain:interneuron-CHRM2+;CNS_midbrain:interneuron;CNS_forebrain:interneuron-SST+;CNS_hindbrain:excitatory neuron-thalamic;CNS_telencephalon:excitatory neuron-serotonergic,0.69,1,0.9523809524,0.4523809524,ENST00000349752;ENST00000430167;ENST00000324589,TM;TM;TM,30;27;11,1;1;1,526-526;374-374;533-533,7I.19M.526O;8I.18M.374O;7I.17M.533O,552;400;557,,T41;S45,1
5726,GNGT1,8,,,,,#DIV/0!,,,not_apical,0.448;0.387,0.09,10,eye:photoreceptor cell-rod;eye:photoreceptor cell;eye:photoreceptor cell-proliferating;eye:Muller cell;eye:photoreceptor cell-cone;eye:retinal pigment epithelium;eye:glial cell;eye:retinal ganglion cell;spine:neuron;eye:amacrine cell,0.19,0.4761904762,0.09523809524,0,ENST00000455502;ENST00000429473;ENST00000248572,GLOB;GLOB;GLOB,85;6;4,0;0;0,NA-NA;NA-NA;NA-NA,46I;74I;74I,46;74;74,,,0.57
5938,HAVCR2,8,,,,,#DIV/0!,,,not_apical,0.798;0.735,0.01,10,pan:NK;spine:microglial cell;adipose:NKT;CNS_hindbrain:microglial cell;CNS_forebrain:microglial cell;CNS_telencephalon:microglial cell;heart:NK/T;CNS_midbrain:microglial cell;lung:DC-myeloid type1;CNS_diencephalon:microglial cell,0.75,0.4285714286,0.1428571429,0,ENST00000307851;ENST00000522593;ENST00000522902,SP+TM;SP+TM;NA,24;21;17,1;1;NA,181-181;153-153;NA-NA,21S.181O.22M.77I;21S.153O.22M.77I;NA,301;273;NA,N172,T145;T174;T178,0.69
6159,IGFBP3,8,,,,,#DIV/0!,,,not_apical,27.661;24.297,0.21,10,appendix:endothelial cell-arterial;small_intestine:endothelial cell-arterial;adipose:endothelial cell-arterial;thymus:endothelial cell-arterial;eye:endothelial cell-arterial;stomach:fibroblast;heart:endothelial cell-other;lung:artery cell;colon:endothelial cell-arterial;breast:basal cell,0.12,0.9761904762,0.9761904762,0.8095238095,ENST00000381083;ENST00000275521;ENST00000381086,SP;SP;GLOB,27;27;16,0;0;0,270-270;264-264;194-194,27S.270O;27S.264O;194O,297;291;194,N116;N136;N199,S148;T195;S153;S155;T277;S161;S192;S156;T157;S151,1
6880,LRP2,8,,,,,#DIV/0!,,,apical,2.272;1.459,0.18,10,CNS_diencephalon:oligodendrocyte-precursor cell;CNS_midbrain:oligodendrocyte-mature;CNS_hindbrain:oligodendrocyte-Pons/medulla;CNS_hindbrain:oligodendrocyte-Spinal cord;spine:oligodendrocyte;kidney:proximal tubule-convoluted;CNS_forebrain:oligodendrocyte-mature;CNS_midbrain:oligodendrocyte-myelin-forming;CNS_telencephalon:oligodendrocyte;CNS_diencephalon:oligodendrocyte-myelin-forming,0.75,0.880952381,0.7380952381,0.02380952381,ENST00000649046;ENST00000443831;ENST00000650252,SP+TM;SP;GLOB,46;25;13,1;0;0,4399-4399;1200-1200;438-438,25S.4399O.22M.209I;25S.1200O;438O,4655;1225;438,N159;N178;N299;N300;N341;N388;N463;N866;N1064;N1144;N1186;N1327;N1340;N1383;N1464;N1496;N1550;N1675;N1810;N2055;N2177;N2224;N2499;N2547;N2781;N2809;N2810;N2947;N2987;N3125;N3211;N3257;N3315;N3355;N3446;N3564;N3680;N3978;N4068;N4327,T2905;T3074;T3924;T107;T66;T3797;S212;T2740;T146;T1066;T1018;T1103;S110;T2863;T221;T2821;T3718;S1108;T2992;T3031;T3834;T1270;T1148;T1023;T3070;S109;S1273,0.98
7134,MET,8,,,,,#DIV/0!,,,not_apical,5.31;4.669,0.21,10,uterus:epithelial cell;kidney:epithelial cell-progenitor;spine:endothelial cell-arterial;kidney:Thick ascending limb of Loop of Henle;lung:Alveolar epithelial cell-Type 2 signaling;heart:endothelial cell-other;colon:endothelial cell-arterial;spine:Schwann cell;kidney:Connecting tubule;uterus:glandular cell,0.88,1,0.9761904762,0.7142857143,ENST00000318493;ENST00000397752;ENST00000456159,SP+TM;SP+TM;SP,32;30;21,1;1;0,927-927;909-909;147-147,24S.927O.22M.435I;24S.909O.22M.435I;43S.147O,1408;1390;190,N45;N106;N149;N202;N399;N405;N607;N635;N785;N879;N930;N998,T918,1
7322,MTCP1,8,,,,,#DIV/0!,,,not_apical,1.164;0.656,0.3,10,CNS_forebrain:resident neuron-forebrain;spine:satellite cell;CNS_midbrain:interneuron;liver:cholangiocytes;spine:glial cell;spine:Schwann cell-non myelinating;spine:Schwann cell-myelinating;CNS_forebrain:excitatory neuron-forebrain ;CNS_hindbrain:excitatory neuron-hindbrain ;spine:motor neuron-inhibitory,0.06,0.8571428571,0.4761904762,0,ENST00000369476;ENST00000482244;ENST00000476116,GLOB;NA;NA,32;31;20,0;NA;NA,NA-NA;NA-NA;NA-NA,107I;NA;NA,107;NA;NA,,,0.98
7518,NETO2,8,,,,,#DIV/0!,,,not_apical,1.059;0.638,0.04,10,CNS_telencephalon:interneuron-VIP+ CALB2+;CNS_telencephalon:interneuron-SST+;CNS_forebrain:interneuron-SST+;CNS_diencephalon:interneuron-CCK+ RELN+;CNS_forebrain:interneuron-VIP+;CNS_hindbrain:oligodendrocyte-precursor cell;spine:motor neuron-inhibitory;CNS_diencephalon:DRG;CNS_forebrain:interneuron-RELN+;CNS_hindbrain:Cholinergic neuron,0.75,0.9285714286,0.5714285714,0,ENST00000562435;ENST00000303155;ENST00000562559,SP+TM;SP+TM;TM,58;29;6,1;1;1,323-323;316-316;189-189,26S.323O.19M.157I;26S.316O.19M.157I;189O.21M.155I,525;518;365,N311,,0.98
8154,PCDHB16,8,,,,,#DIV/0!,,,not_apical,0.435;0.389,0.08,10,heart:fibroblast;spine:glial cell;heart:neuron;lung:capillary cell-aerocyte;heart:endothelial cell-other;heart:endothelial cell-capillary;adrenal_gland:Schwann cell;common_bile_duct:schwann cell;lung:pericyte;bile_duct:pericyte,0.94,0.4047619048,0.07142857143,0,ENST00000609684;ENST00000625044,SP+TM;GLOB,70;30,1;0,661-661;222-222,28S.661O.22M.65I;222O,776;222,N418;N436;N567,,0.81
8168,PCDHGA9,8,,,,,#DIV/0!,,,not_apical,0.065;0.055,0.03,10,adrenal_gland:chromaffin cell-norepinephrine secreting;spine:fibroblast-progenitor;adrenal_gland:chromaffin cell;thymus:epithelial cell-lymphatic;pancreas:acinar cell;eye:neuron;adrenal_gland:endothelial cell-lymphatic;appendix:endothelial cell;stomach:glia cell-enteric;liver:endothelial cell,1,0,0,0,ENST00000573521;ENST00000616887,SP+TM;SP+TM,85;15,1;1,665-665;664-664,28S.665O.21M.218I;28S.664O.21M.115I,932;828,N47;N127;N389;N419;N545,,0.26
8169,PCDHGB2,8,,,,,#DIV/0!,,,not_apical,0.196;0.162,0.29,10,appendix:mast cell;bile_duct:fibroblast-mesenchymal;common_bile_duct:schwann cell;spine:fibroblast-progenitor;bile_duct:Schwann cell;eye:amacrine cell;adrenal_gland:chromaffin cell-progenitor;pancreas:acinar cell;stomach:fibroblast;adrenal_gland:chromaffin cell,0.88,0.09523809524,0,0,ENST00000522605;ENST00000622527,SP+TM;SP+TM,76;24,1;1,662-662;661-661,30S.662O.21M.218I;30S.661O.22M.98I,931;811,N419;N545,,0.36
8672,PTH2R,8,,,,,#DIV/0!,,,not_apical,0.2;0.157,0.03,10,CNS_telencephalon:interneuron-VIP+ CALB2+;CNS_forebrain:interneuron-VIP+;CNS_hindbrain:oligodendrocyte-precursor cell;CNS_telencephalon:excitatory neuron-cholinergic;CNS_telencephalon:Dorsal Root ganglion cell;CNS_forebrain:excitatory neuron-forebrain ;spine:neuron;CNS_diencephalon:interneuron-CCK+ RELN+;CNS_forebrain:Dorsal Root ganglion cell;CNS_forebrain:oligodendrocyte,0.75,0.2142857143,0,0,ENST00000419079;ENST00000487472;ENST00000617735,TM;NA;TM,73;12;11,1;NA;7,9-9;NA-NA;13-39,9O.21M.24I;NA;32O.25M.8I.22M.39O.25M.12I.23M.18O.20M.29I.17M.13O.22M.134I,54;NA;439,N51;N106;N116;N121,,0.83
9282,SEMA5B,8,,,,,#DIV/0!,,,not_apical,1.493;1.001,0.16,10,CNS_diencephalon:excitatory neuron;CNS_telencephalon:excitatory neuron-serotonergic;spine:oligodendrocyte-progenitor;colon:pericyte;CNS_telencephalon:oligodendrocyte-precursor cell;CNS_telencephalon:excitatory neuron-cholinergic;CNS_telencephalon:Dorsal Root ganglion cell;spine:polydendrocyte;adrenal_gland:endothelial cell;CNS_forebrain:oligodendrocyte,0.69,0.9285714286,0.8571428571,0.02380952381,ENST00000357599;ENST00000648990;ENST00000195173,SP+TM;SP+TM;SP+TM,14;13;12,1;1;1,976-976;951-951;916-916,60S.976O.21M.94I;26S.951O.22M.93I;26S.916O.22M.93I,1151;1092;1057,N153;N236;N345;N436,T788,0.95
9836,SPAG4,8,,,,,#DIV/0!,,,not_apical,1.732;1.616,0.17,10,kidney:plasma cell;lymph_node:plasma cell;thymus:plasma cell;breast:plasma cell;pancreas:plasma cell;lung:plasma cell;thymus:plasma cell-proliferating;salivary_gland:plasma cell;small_intestine:plasma cell;liver:plasma cell,0.69,0.9761904762,0.9285714286,0.09523809524,ENST00000468248;ENST00000454819;ENST00000463973,NA;TM;NA,23;21;20,NA;1;NA,NA-NA;150-150;NA-NA,NA;40I.24M.150O;NA,NA;214;NA,,,1
10202,TGFA,8,,,,,#DIV/0!,,,not_apical,1.154;0.849,0.11,10,spine:interneuron;CNS_diencephalon:oligodendrocyte-mature;CNS_hindbrain:oligodendrocyte-Pons/medulla;CNS_midbrain:oligodendrocyte-Pons/medulla;liver:cholangiocytes;bile_duct:stem-like cell;spine:polydendrocyte;CNS_forebrain:oligodendrocyte;common_bile_duct:stem-like cell;lymph_node:neutrophil,0.75,0.9047619048,0.7619047619,0,ENST00000295400;ENST00000418333;ENST00000394241,SP+TM;SP+TM;SP+TM,24;16;15,1;1;1,76-76;75-75;76-76,22S.76O.23M.39I;22S.75O.23M.39I;22S.76O.21M.1I,160;159;120,N25,,1
10279,TMCC1,8,,,,,#DIV/0!,,,not_apical,1.211;1.091,0,10,liver:macrophage;spine:Schwann cell;spine:microglial cell;CNS_telencephalon:Dorsal Root ganglion cell;CNS_telencephalon:excitatory neuron-cholinergic;adrenal_gland:endothelial cell-lymphatic;spine:dorsal root ganglion;spine:lymphocyte;adrenal_gland:adrenocortical cell-fasciculata;CNS_telencephalon:microglial cell,0.81,1,0.880952381,0.02380952381,ENST00000432054;ENST00000393238;ENST00000426664,TM;TM;TM,23;21;19,1;3;3,15-15;1-15;1-15,297I.17M.15O;588I.10M.1O.10M.12I.17M.15O;474I.10M.1O.10M.12I.17M.15O,329;653;539,,,1
10504,TNFRSF9,8,,,,,#DIV/0!,,,not_apical,0.045;0.044,0,10,bladder:mast cell;pan:T cell CD8;pan:T cell CD4;thymus:mTEC;liver:NKT;rectum:T-CD4;thymus:Treg;pan:NK;adipose:mast cell;liver:neutrophil/T,1,0,0,0,ENST00000377507;ENST00000615230;ENST00000492571,SP+TM;SP+TM;GLOB,53;35;3,1;1;0,164-164;164-164;75-75,23S.164O.21M.47I;23S.164O.21M.47I;75O,255;255;75,N138;N149,,0.21
10943,VCAM1,8,,,,,#DIV/0!,,,not_apical,10.551;8.802,0.24,10,eye:endothelial cell-venous;adrenal_gland:endothelial cell;bladder:endothelial cell;skeletal_muscle:endothelial cell-post-capillary venule (PCV) ;pan:NK;esophagus:endothelial cell-arterial;eye:endothelial cell;kidney:Ascending vasa recta endothelium;kidney:proximal tubule;adrenal_gland:stromal cell,0.94,0.9285714286,0.8571428571,0.5476190476,ENST00000294728;ENST00000650339;ENST00000347652,SP+TM;SP;SP+TM,21;21;20,1;0;1,674-674;92-92;582-582,24S.674O.21M.20I;24S.92O;24S.582O.21M.20I,739;116;647,N273;N365;N417;N463;N531;N561,T81;T369;T504,1