gene_rank,gene_name,target_score,Rank_JG,Rank_JV,Rank_ML,Rank_AVG,bias_check,notes,apical,target_val,specificity,n_off_targets,off_targets,surface,pos_low,pos_med,pos_hi,tx_id,tx_type,tx_score,tx_n_mem,tx_ecd,tx_summary,tx_n_aa,gly_n_link,gly_o_link,p_positive_0.01
1,LY6G6D,0.057,1.25,1.5,1.25,1.333333333,,"maybe skin, paper on a bispecific",not_apical,7.104;4.351,0.89,0,,0.19,0.619047619,0.5714285714,0.2619047619,ENST00000479334;ENST00000375824;ENST00000375825,NA;SP;SP,34;33;33,NA;0;0,NA-NA;155-155;114-114,NA;19S.155O;19S.114O,NA;174;133,,T40;T41,0.76
2,CYP2W1,0.157,1.75,1.75,1.5,1.666666667,,,not_apical,2.6;1.796,0.62,1,eye:LPC,0.75,0.2857142857,0.1428571429,0.02380952381,ENST00000308919;ENST00000340150;ENST00000415893,SP+TM;GLOB;GLOB,54;38;5,1;0;0,1-1;NA-NA;NA-NA,10S.1O.10M.469I;408I;288I,490;408;288,N177,,0.79
41,PRAME,2.543,1.75,1.5,1.75,1.666666667,,we are already working on it,not_apical,0.54;0.26,0.36,3,appendix:tuft cell;eye:neuron-proliferating;ovary:non immune;testes:non immune;uterus:ciliated cell,0.12,0.07142857143,0.04761904762,0,ENST00000492657;ENST00000543184;ENST00000405655,NA;GLOB;GLOB,13;13;11,NA;0;0,NA-NA;NA-NA;NA-NA,NA;509I;509I,NA;509;509,,,0.38
78,IZUMO2,3.5,1.75,2,1.45,1.733333333,,IHC on HPA is confounding,not_apical,0.156;0.075,0.36,2,bladder:glial cell;spine:neuron;testes:macrophage;testes:non immune,0.81,0.02380952381,0,0,ENST00000293405;ENST00000486050;ENST00000600293,SP+TM;SP;TM,28;27;24,1;0;1,168-168;77-77;176-176,20S.168O.21M.12I;16S.77O;176O.19M.39I,221;93;234,N91,,0.26
15,NOX1,1.286,2,1.5,1.75,1.75,,,not_apical,1.305;1.3,0.37,3,colon:mucous cell;rectum:stem-like/TA;rectum:TA-cycling,0.81,0.6666666667,0.4047619048,0.04761904762,ENST00000372966;ENST00000372960;ENST00000217885,TM;TM;TM,37;35;13,6;5;6,20-51;8-48;20-51,9I.22M.20O.21M.26I.23M.51O.21M.9I.21M.46O.20M.275I;8O.23M.34I.21M.48O.21M.10I.21M.45O.21M.275I;9I.22M.20O.21M.26I.23M.51O.21M.9I.21M.46O.20M.226I,564;527;515,N162;N236,,0.9
17,TMEM211,1.314,1.75,2,1.5,1.75,,,not_apical,0.24;0.198,0.44,1,uterus:epithelial cell,0.88,0.1428571429,0,0,ENST00000640159;ENST00000407886;ENST00000423535,TM;TM;TM,39;33;28,4;3;4,27-45;1-25;27-45,4I.18M.45O.26M.10I.21M.27O.21M.28I;1O.21M.10I.21M.25O.23M.28I;4I.18M.45O.26M.10I.21M.27O.21M.28I,200;129;200,,,0.57
85,SPACA3,3.514,2,1.75,1.75,1.833333333,,Only 1 transcript seems to have surface membrane but seems likely to be on the surface,not_apical,0.126;0.035,0.37,3,pancreas:acinar cell-secretory;pbmc:plasmablast;spine:neuron;testes:macrophage;testes:non immune,0.81,0.02380952381,0,0,ENST00000580599;ENST00000394637;ENST00000269053,SP;NA;TM,43;20;20,0;NA;1,128-128;NA-NA;141-141,18S.128O;NA;64I.10M.141O,146;NA;215,,,0.26
31,RXFP4,2.429,2,2,1.75,1.916666667,,how important are enteroendocrine cells,not_apical,0.262;0.186,0.41,1,colon:enteroendocrine,0.75,0.07142857143,0,0,ENST00000368318,TM,100,7,17-39,39O.24M.14I.22M.17O.21M.22I.22M.27O.21M.18I.24M.18O.22M.63I,374,N5;N17,,0.74
65,NPSR1,3.457,2.25,2.1,2,2.116666667,,ADC Target? Proteoform target>,not_apical,0.65;0.564,0.41,7,CNS_diencephalon:excitatory neuron-cerebral;CNS_diencephalon:resident neuron-diencephalon;CNS_hindbrain:interneuron-CHRM2+;CNS_hindbrain:resident neuron-hindbrain;CNS_midbrain:Dorsal Root ganglion cell;CNS_midbrain:excitatory neuron-midbrain;CNS_midbrain:interneuron,0.75,0.1666666667,0.119047619,0,ENST00000465305;ENST00000360581;ENST00000381553,TM;TM;TM,18;14;13,1;7;3,52-52;14-52;16-52,52O.21M.21I;52O.21M.11I.22M.16O.22M.20I.21M.23O.25M.42I.21M.14O.22M.39I;52O.21M.12I.21M.16O.19M.2I,94;371;143,N4,,0.38
5,NOTUM,1.243,2,2,2.5,2.166666667,,Don't think surface,not_apical,6.996;1.106,0.91,0,,0.06,0.2142857143,0.119047619,0,ENST00000409678;ENST00000425009;ENST00000489218,SP;SP;NA,57;22;15,0;0;NA,474-474;273-273;NA-NA,22S.474O;22S.273O;NA,496;295;NA,N96,,0.74
6,CT83,1.271,2,2.5,2,2.166666667,,Across other cancers as well (Gastric + Lung),not_apical,0.427;0.408,0.68,0,testes:non immune,0.81,0.119047619,0.04761904762,0,ENST00000371894,SP+TM,83,1,1-1,10S.1O.10M.92I,113,N83,,0.21
49,MUC17,3.386,2.5,2,2,2.166666667,,Just digestive off-target; maybe proteoform,apical,2.596;2.107,0.61,6,small_intestine:enterocyte;small_intestine:epithelial cell-progenitor;small_intestine:goblet cell;small_intestine:goblet cell-progenitor;small_intestine:paneth cell;small_intestine:TA-cycling,0.81,0.3095238095,0.1666666667,0.02380952381,ENST00000306151;ENST00000379439;ENST00000497859,SP+TM;SP;NA,46;41;10,1;0;NA,4364-4364;4237-4237;NA-NA,25S.4364O.25M.79I;25S.4237O;NA,4493;4262;NA,N471;N696;N898;N1345;N2077;N2194;N3344;N4116;N4205;N4236;N4267;N4297;N4305,T3862;S3856;T3863;S56,0.69
4,TDGF1,0.3,2.5,2.5,2,2.333333333,,secreted,apical,0.812;0.809,0.37,3,ovary:non immune;testes:non immune;thymus:cTEC;thymus:epithelial cell;thymus:mTEC-immature,0.31,0.5476190476,0.2142857143,0,ENST00000296145;ENST00000459867;ENST00000542931,SP;NA;SP,39;21;21,0;NA;0,158-158;NA-NA;151-151,30S.158O;NA;21S.151O,188;NA;172,N79,,0.86
44,CEACAM6,3.343,2.5,2.5,2,2.333333333,,Likely tox similar to CEACAM5,apical,18.656;12.555,0.58,9,bile_duct:cholangiocytes;blood:GMP;colon:enterocyte-BEST4+;common_bile_duct:cholangiocytes;eye:Conjunctival epithelial cell-superficial;lung:Alveolar epithelial cell-Type 1;lung:Alveolar epithelial cell-Type 2 signaling;lung:goblet cell;rectum:enterocyte,0.81,0.9523809524,0.8571428571,0.6904761905,ENST00000199764;ENST00000595740,SP+TM;SP,82;18,1;0,298-298;2-2,34S.298O.11M.1I;31S.2O,344;33,N104;N111;N115;N152;N173;N197;N224;N256;N274;N288;N292;N309,T241,0.98
43,ANO9,3.343,2.25,3,2,2.416666667,,surface?,not_apical,4.463;4.203,0.51,7,colon:colonocyte;colon:enterocyte-BEST4+;colon:epithelial cell;small_intestine:enterocyte;small_intestine:goblet cell-progenitor;small_intestine:paneth cell;thymus:mTEC,0.81,0.9761904762,0.7857142857,0.3095238095,ENST00000532094;ENST00000332826;ENST00000528927,NA;TM;NA,25;22;18,NA;8;NA,NA-NA;19-100;NA-NA,NA;190I.23M.47O.22M.51I.21M.19O.20M.30I.20M.100O.21M.34I.21M.84O.21M.58I;NA,NA;782;NA,N641;N652;N674;N690,,1
56,DUOXA2,3.429,2.85,2.5,2,2.45,,Proteoform N glyocylation,not_apical,1.419;0.891,0.65,8,bile_duct:cholangiocytes;bile_duct:stem-like cell;bladder:basal cell;bladder:umbrella cell;common_bile_duct:cholangiocytes;common_bile_duct:stem-like cell;prostate:club cell;prostate:hillock cell,0.81,0.2142857143,0.04761904762,0,ENST00000323030;ENST00000350243;ENST00000491993,TM;NA;TM,41;30;29,5;NA;1,21-102;NA-NA;23-23,21O.21M.8I.22M.102O.25M.4I.22M.22O.21M.52I;NA;23O.19M.79I,320;NA;121,N84;N109;N121,,0.62
22,LY6G6E,2.371,2,3,2.5,2.5,,Surface? Unclear (Is called antigen byt nucleus by HPA),not_apical,0.188;0.115,0.88,0,,0.06,0.02380952381,0,0,ENST00000409239;ENST00000399142;ENST00000450147,SP;SP;SP,32;25;22,0;0;0,37-37;74-74;40-40,51S.37O;26S.74O;26S.40O,88;100;66,,,0.55
82,TCP11,3.514,2.75,2.5,2.25,2.5,,"Not convinced it is surface a good, lowish expression",not_apical,0.195;0.017,0.35,0,testes:macrophage;testes:non immune,0.19,0.02380952381,0,0,ENST00000611141;ENST00000244645;ENST00000455706,GLOB;GLOB;GLOB,4;4;4,0;0;0,NA-NA;NA-NA;NA-NA,440I;441I;54I,440;441;54,,,0.07
102,CEACAM1,4.471,2.95,1.9,2.75,2.533333333,,looks apical everywhere,apical,9.081;2.722,0.42,9,adrenal_gland:endothelial cell;blood:granulocyte;colon:colonocyte;colon:enterocyte;colon:enterocyte-BEST4+;kidney:Peritubular capillary endothelium;prostate:hillock cell;prostate:luminal cell;rectum:enterocyte,0.88,0.9523809524,0.6904761905,0.1904761905,ENST00000161559;ENST00000403444;ENST00000352591,SP+TM;SP+TM;SP+TM,15;14;13,1;1;1,394-394;394-394;298-298,34S.394O.21M.77I;34S.394O.21M.15I;34S.298O.21M.77I,526;464;430,N104;N111;N115;N152;N182;N197;N208;N224;N232;N254;N274;N288;N292;N302;N309;N345;N351;N363;N378;N405,,0.98
10,TMEM252,1.271,2.75,3,2,2.583333333,,Seem decently expressed in healthy bulk and protein space,not_apical,0.545;0.312,0.61,0,,0.69,0.04761904762,0.02380952381,0,ENST00000377311,TM,100,2,11-11,6I.22M.11O.21M.110I,170,,,0.4
26,SLC9A3,2.386,2.75,2.5,2.5,2.583333333,,"Apical all tissues, but unclear if losing restriction",apical,2.357;0.974,0.56,0,,0.94,0.2619047619,0.119047619,0.02380952381,ENST00000264938;ENST00000644203;ENST00000514375,SP+TM;SP+TM;SP+TM,45;40;11,13;13;13,3-29;3-29;3-29,25S.29O.21M.2I.29M.7O.15M.11I.28M.11O.22M.7I.21M.19O.28M.8I.21M.3O.16M.17I.19M.9O.25M.14I.17M.11O.21M.378I;25S.29O.21M.2I.29M.7O.15M.11I.29M.10O.22M.7I.21M.19O.28M.8I.21M.3O.16M.15I.21M.9O.25M.14I.17M.11O.21M.433I;25S.29O.21M.2I.29M.7O.15M.11I.28M.11O.22M.7I.21M.19O.28M.8I.21M.3O.16M.17I.19M.9O.25M.13I.18M.11O.21M.369I,834;889;825,N241;N326,,0.79
36,MOGAT3,2.457,3,2.75,2,2.583333333,,,not_apical,0.94;0.845,0.37,6,colon:colonocyte;colon:enterocyte-BEST4+;rectum:enterocyte;small_intestine:enterocyte;small_intestine:goblet cell-progenitor;small_intestine:paneth cell,0.81,0.5952380952,0.2380952381,0,ENST00000223114;ENST00000440203;ENST00000649999,TM;TM;NA,44;20;19,2;2;NA,2-2;2-2;NA-NA,28I.21M.2O.14M.276I;28I.21M.2O.14M.279I;NA,341;344;NA,N126,,0.98
47,CLDN2,3.371,2.75,3,2,2.583333333,,Basolateral in concerning tissues,not_apical,2.496;1.775,0.72,4,bile_duct:cholangiocytes;common_bile_duct:cholangiocytes;kidney:proximal tubule;kidney:proximal tubule-convoluted,0.88,0.3571428571,0.119047619,0.02380952381,ENST00000541806;ENST00000540876;ENST00000336803,TM;TM;TM,42;31;27,4;4;4,23-54;23-54;23-54,7I.20M.54O.21M.14I.21M.23O.21M.49I;7I.20M.54O.21M.14I.21M.23O.21M.49I;7I.20M.54O.21M.14I.21M.23O.21M.49I,230;230;230,,,0.79
84,SLC35D3,3.514,2.5,2.5,2.75,2.583333333,,,not_apical,0.156;0.074,0.48,3,blood:platelet;pbmc:platelet;stomach:enteroendocrine,0.69,0.02380952381,0,0,ENST00000331858,TM,100,10,7-18,8I.19M.15O.17M.19I.18M.13O.14M.6I.19M.7O.19M.14I.19M.18O.23M.4I.21M.8O.22M.113I,416,,,0.52
108,CLDN18,4.514,2.5,3,2.25,2.583333333,,CLDN18.1 (isoform); doesnt look like therapeutic index,not_apical,7.823;0.633,0.8,9,lung:Alveolar epithelial cell-Type 1;lung:Alveolar epithelial cell-Type 2;lung:Alveolar epithelial cell-Type 2 signaling;lung:epithelial cell;small_intestine:goblet cell-progenitor;stomach:chief cell;stomach:enteroendocrine;stomach:fibroblast;stomach:mucous cell-gland,0.75,0.07142857143,0.04761904762,0,ENST00000343735;ENST00000183605;ENST00000479660,TM;TM;TM,37;22;16,4;4;3,32-53;32-53;10-53,7I.20M.53O.21M.17I.21M.32O.23M.67I;7I.20M.53O.21M.17I.21M.32O.23M.67I;7I.20M.53O.21M.15I.20M.10O,261;261;146,N116,,0.12
52,FERMT1,3.414,3,2.5,2.5,2.666666667,,Surface? Maybe therapeutic index,not_apical,6.274;5.242,0.49,9,appendix:epithelial cell;CNS_diencephalon:oligodendrocyte-mature;CNS_forebrain:oligodendrocyte;CNS_hindbrain:oligodendrocyte-Pons/medulla;CNS_midbrain:oligodendrocyte-Pons/medulla;CNS_telencephalon:oligodendrocyte-precursor cell;eye:Conjunctival basal cell;spine:polydendrocyte;tongue:T cell,0.19,1,0.9761904762,0.619047619,ENST00000217289;ENST00000536936;ENST00000378844,GLOB;GLOB;GLOB,52;32;12,0;0;0,NA-NA;NA-NA;NA-NA,677I;420I;146I,677;420;146,,,1
99,RNF43,4.443,2.5,3,2.5,2.666666667,,On everything but has some brain toxicity (ADC target?) - not sure its surface,not_apical,5.918;3.503,0.52,4,CNS_diencephalon:Ependymal cell;CNS_forebrain:astrocyte;CNS_hindbrain:astrocyte progenitor;CNS_midbrain:Ependymal cells,0.69,0.9761904762,0.9285714286,0.6666666667,ENST00000584437;ENST00000577716;ENST00000407977,SP+TM;SP+TM;SP+TM,27;26;16,1;1;1,165-165;165-165;165-165,33S.165O.21M.564I;33S.165O.21M.564I;33S.165O.21M.564I,783;783;783,N62;N92,,1
16,AC005551.1,1.3,3.25,2,3,2.75,,just seems interesting and easy to make a binder to,not_apical,0.115;0.108,0.39,0,,0.62,0.02380952381,0,0,ENST00000641816,TM,100,1,35-35,35O.21M.93I,149,,,0.69
34,SLC52A3,2.443,3,2.75,2.5,2.75,,,apical,1.185;0.563,0.36,8,bladder:umbrella cell;CNS_diencephalon:endothelial cell;heart:endothelial cell-capillary;heart:endothelial cell-immune related;heart:endothelial cell-other;kidney:Connecting tubule;kidney:Principal cell;testes:non immune;uterus:epithelial cell-proliferating,0.88,0.5476190476,0.09523809524,0.02380952381,ENST00000381944;ENST00000488495;ENST00000217254,TM;TM;TM,26;23;22,9;11;11,13-62;13-63;13-63,6I.19M.16O.21M.10I.21M.13O.21M.10I.21M.62O.21M.59I.21M.14O.20M.5I.23M.32O;6I.19M.17O.19M.11I.21M.13O.21M.10I.21M.63O.21M.57I.22M.14O.20M.5I.23M.13O.17M.14I.24M.18O;6I.19M.17O.19M.11I.21M.13O.21M.10I.21M.63O.21M.57I.22M.14O.20M.5I.23M.13O.17M.14I.24M.18O,415;469;469,N94;N168,T182;S178,1
50,SLC26A3,3.386,3,2.75,2.5,2.75,,Stomac tox maybe; HPA CRC staining unclear,apical,9.208;6.464,0.74,9,appendix:enterocyte;colon:colonocyte;colon:enterocyte;colon:enterocyte-BEST4+;colon:epithelial cell;rectum:enterocyte;small_intestine:enterocyte;small_intestine:goblet cell-progenitor;small_intestine:paneth cell,0.75,0.2380952381,0.07142857143,0.02380952381,ENST00000340010;ENST00000379083;ENST00000453332,TM;GLOB;TM,43;38;17,14;0;2,1-37;NA-NA;9-9,76I.18M.11O.14M.9I.10M.37O.21M.12I.21M.29O.21M.10I.17M.33O.21M.14I.10M.1O.10M.16I.21M.2O.21M.14I.13M.1O.18M.263I;52I;76I.19M.9O.14M.2I,764;52;120,N153;N161;N165,,0.69
24,TMEM249,2.371,3,2.78,2.5,2.76,,,not_apical,0.819;0.189,0.57,0,testes:non immune,0.69,0.04761904762,0.02380952381,0,ENST00000565365;ENST00000562477;ENST00000561638,TM;GLOB;NA,43;29;27,2;0;NA,10-10;215-215;NA-NA,60I.18M.10O.16M.131I;215O;NA,235;215;NA,N115;N38,,0.69
23,SLC26A9,2.371,2.95,3,2.5,2.816666667,,,apical,1.374;0.248,0.6,0,,0.75,0.04761904762,0.02380952381,0,ENST00000367135;ENST00000367134;ENST00000340781,TM;TM;TM,22;22;20,14;14;14,1-35;1-35;1-35,74I.18M.11O.16M.4I.13M.35O.24M.7I.21M.29O.21M.10I.18M.30O.21M.16I.21M.16O.21M.2I.18M.16O.14M.1I.11M.1O.10M.292I;74I.18M.11O.16M.4I.13M.35O.24M.7I.21M.29O.21M.10I.18M.30O.21M.16I.21M.16O.21M.2I.18M.16O.14M.1I.11M.1O.10M.388I;74I.18M.11O.16M.4I.13M.35O.24M.7I.21M.29O.21M.10I.18M.30O.21M.16I.21M.16O.21M.2I.18M.16O.14M.1I.11M.1O.10M.388I,791;887;887,,,0.12
100,MUC12,4.443,2.95,2.5,3,2.816666667,,,not_apical,9.087;3.713,0.54,9,colon:colonocyte;colon:enterocyte;colon:enterocyte-BEST4+;colon:epithelial cell;colon:goblet cell;colon:mucous cell;colon:TA-cycling;rectum:enterocyte;rectum:enteroendocrine-intestinal,0.81,0.8333333333,0.4761904762,0.1904761905,ENST00000536621;ENST00000379442;ENST00000305119,SP+TM;SP+TM;TM,53;22;9,1;1;1,5218-5218;5361-5361;51-51,16S.5218O.26M.75I;16S.5361O.26M.75I;51O.26M.17I,5335;5478;94,N154;N170;N176;N382;N738;N1793;N3350;N4433;N4571;N5169;N5182;N5197;N5228;N5264,,1
42,CEACAM5,3.286,2,3,3.5,2.833333333,,On everything can we kill colon cell types? known lung tox,apical,30.726;25.817,0.77,9,appendix:enterocyte;colon:colonocyte;colon:enterocyte;colon:enterocyte-BEST4+;colon:epithelial cell;colon:goblet cell;rectum:enterocyte;rectum:enterocyte-Best4+;rectum:goblet,0.81,0.9761904762,0.9761904762,0.7857142857,ENST00000221992;ENST00000398599;ENST00000405816,SP+TM;SP+TM;SP+TM,24;14;13,1;1;1,656-656;655-655;656-656,34S.656O.11M.1I;34S.655O.11M.1I;34S.656O.11M.1I,702;701;702,N104;N115;N152;N182;N197;N204;N208;N246;N256;N274;N288;N292;N309;N330;N351;N360;N375;N432;N466;N480;N508;N529;N553;N560;N580;N612;N650;N665,,0.98
70,COX7B2,3.486,2,3,3.5,2.833333333,,,not_apical,0.259;0,0.4,1,spine:neuron;testes:non immune,0.81,0.02380952381,0,0,ENST00000355591;ENST00000396533;ENST00000543208,TM;TM;TM,10;2;2,1;1;1,20-20;20-20;20-20,37I.24M.20O;37I.24M.20O;36I.24M.20O,81;81;80,,,0.02
45,CA9,3.357,2.75,3,3,2.916666667,,tox likely,not_apical,5.921;2.852,0.72,6,bile_duct:cholangiocytes;breast:basal cell;common_bile_duct:cholangiocytes;stomach:chief cell;stomach:mucous cell-gland;stomach:proliferating cell;testes:non immune,0.88,0.380952381,0.2380952381,0.04761904762,ENST00000378357;ENST00000617161;ENST00000493245,SP+TM;SP;NA,42;40;9,1;0;NA,377-377;319-319;NA-NA,37S.377O.21M.24I;37S.319O;NA,459;356;NA,N346,T115,0.83
46,DPEP1,3.357,2.8,3,3,2.933333333,,Looks scary in pancreas,apical,7.78;5.068,0.7,8,kidney:proximal tubule-convoluted;pancreas:acinar cell;skin:fibroblast-mesenchymal;small_intestine:enterocyte;small_intestine:enteroendocrine;small_intestine:epithelial cell-progenitor;small_intestine:paneth cell;small_intestine:TA-cycling;testes:non immune,0.25,0.7380952381,0.6666666667,0.4285714286,ENST00000564281;ENST00000261615;ENST00000421184,NA;SP;SP,18;18;17,NA;0;0,NA-NA;395-395;395-395,NA;16S.395O;16S.395O,NA;411;411,N57;N279;N332;N358,T360,0.93
9,PADI3,1.271,3,3,3,3,,"Low percent of patients, high expression in mucosal tissues",not_apical,0.543;0.507,0.36,0,,0.62,0.09523809524,0.04761904762,0,ENST00000375460,TM,100,1,259-259,259O.10M.395I,664,,,0.26
12,B3GNT6,1.286,2.5,3,3.5,3,,Signal peptide? prob secreted,not_apical,1.964;1.309,0.64,0,,0.06,0.07142857143,0.07142857143,0.02380952381,ENST00000622824;ENST00000528622,SP;SP,50;17,0;0,358-358;88-88,26S.358O;33S.88O,384;121,N73;N77;N196,,0.14
28,HAVCR1,2.414,3,3,3,3,,,not_apical,0.876;0.118,0.41,0,,0.75,0.04761904762,0.02380952381,0,ENST00000625904;ENST00000339252;ENST00000522693,SP+TM;SP+TM;SP+TM,28;22;18,1;1;1,275-275;275-275;275-275,20S.275O.21M.85I;20S.275O.21M.48I;20S.275O.21M.85I,401;364;401,N65;N263;N277;N291,T205,0.38
32,IL22RA1,2.429,3,3,3,3,,,not_apical,0.658;0.528,0.36,7,colon:colonocyte;pancreas:acinar cell;pancreas:acinar cell-REG+;pancreas:acinar cell-secretory;rectum:enterocyte;small_intestine:enterocyte;small_intestine:goblet cell-progenitor,0.88,0.6428571429,0.119047619,0,ENST00000270800,SP+TM,100,1,211-211,17S.211O.21M.325I,574,N80;N172,,0.95
105,SNORC,4.486,3.25,4,2.75,3.333333333,,not surface,not_apical,6.162;1.698,0.48,9,appendix:epithelial cell;breast:luminal-secretory;CNS_hindbrain:oligodendrocyte-Pons/medulla;CNS_telencephalon:astrocyte;colon:goblet cell;colon:goblet cell-proliferating;colon:tuft cell;rectum:enteroendocrine-intestinal;rectum:stem-like/TA,0.69,0.9285714286,0.6904761905,0.07142857143,ENST00000467665;ENST00000476690;ENST00000331342,NA;NA;SP+TM,31;20;17,NA;NA;1,NA-NA;NA-NA;67-67,NA;NA;24S.67O.24M.6I,NA;NA;121,,,1
35,TMPRSS3,2.457,3,3,3.25,3.083333333,,,not_apical,1.175;0.618,0.36,4,appendix:tuft cell;bile_duct:cholangiocytes;common_bile_duct:cholangiocytes;eye:neuron-proliferating,0.81,0.2142857143,0.119047619,0,,,,,,,,N221,,0.9
13,AQP12B,1.286,3.25,3.5,2.65,3.133333333,,,not_apical,0.185;0.116,0.62,1,pancreas:acinar cell,0.69,0.02380952381,0,0,ENST00000414322;ENST00000407834;ENST00000621682,GLOB;TM;TM,28;19;19,0;7;6,41-41;7-26;22-37,41O;7O.14M.19I.17M.13O.17M.24I.21M.26O.22M.6I.20M.22O.21M.58I;7I.14M.37O.17M.24I.21M.26O.22M.8I.18M.22O.21M.58I,41;307;295,,,0.26
25,ALPG,2.386,2.9,3,3.5,3.133333333,,,not_apical,0.114;0.074,0.6,0,,0.19,0,0,0,ENST00000295453,SP,100,0,513-513,19S.513O,532,N141;N268,T429,0.29
112,DUOX2,4.529,2.95,3.5,3,3.15,,,apical,1.731;1.032,0.38,6,bile_duct:cholangiocytes;bile_duct:stem-like cell;bladder:basal cell;bladder:umbrella cell;common_bile_duct:cholangiocytes;common_bile_duct:stem-like cell,0.81,0.2619047619,0.1428571429,0,ENST00000389039;ENST00000603300;ENST00000558383,SP+TM;SP+TM;NA,45;42;12,7;7;NA,7-572;7-573;NA-NA,25S.572O.22M.421I.23M.14O.25M.22I.25M.32O.26M.12I.19M.7O.14M.289I;24S.573O.22M.421I.23M.14O.25M.22I.25M.32O.26M.12I.19M.7O.14M.289I;NA,1548;1548;NA,N100;N348;N382;N455;N537,,0.76
14,LEMD1,1.286,3,3.25,3.25,3.166666667,,,not_apical,1.476;1.213,0.41,1,breast:basal cell;testes:non immune,0.69,0.2380952381,0.07142857143,0.02380952381,ENST00000367149;ENST00000367152;ENST00000367154,GLOB;TM;GLOB,22;13;13,0;1;0,NA-NA;7-7;NA-NA,67I;112I.21M.7O;108I,67;140;108,,,0.71
27,P2RY4,2.386,3,3,3.5,3.166666667,,Mega low expression,apical,0.006;0.006,0.41,1,small_intestine:goblet cell,0.88,0,0,0,ENST00000374519,TM,33,7,11-35,35O.27M.9I.22M.12O.26M.19I.23M.23O.26M.23I.26M.11O.27M.56I,365,,,0.05
106,SLC6A14,4.5,3.25,3.5,2.75,3.166666667,,,apical,3.153;1.401,0.55,7,eye:Conjunctival basal cell;eye:Conjunctival EMT/suprabasal;eye:Conjunctival epithelial cell-superficial;lung:Alveolar epithelial cell-Type 2;lung:goblet cell;salivary_gland:ductal cell;trachea:basal cell,0.94,0.2380952381,0.04761904762,0.02380952381,ENST00000598581;ENST00000463626,TM;NA,92;8,12;NA,2-90;NA-NA,44I.21M.6O.21M.24I.28M.90O.21M.8I.21M.26O.21M.24I.20M.25O.21M.34I.22M.2O.21M.26I.20M.16O.21M.59I;NA,642;NA,N155;N163;N174;N189;N197;N202;N230;N302,,0.76
29,NTSR1,2.414,3.5,3.5,2.75,3.25,,,not_apical,0.669;0.171,0.38,1,spine:neuron,0.88,0.07142857143,0.02380952381,0,ENST00000370501;ENST00000482259,TM;NA,64;36,7;NA,18-67;NA-NA,67O.20M.16I.20M.19O.21M.22I.21M.26O.25M.47I.21M.18O.21M.54I;NA,418;NA,N4;N37;N41,,0.21
48,CEACAM7,3.371,3.5,3.5,2.75,3.25,,,apical,13.362;7.627,0.86,9,appendix:enterocyte;colon:colonocyte;colon:enterocyte;colon:enterocyte-BEST4+;esophagus:epithelial cell-suprabasal;eye:Conjunctival EMT/suprabasal;eye:Conjunctival epithelial cell-superficial;rectum:enterocyte;rectum:enterocyte-Best4+,0.81,0.1666666667,0.04761904762,0.02380952381,ENST00000006724;ENST00000401731;ENST00000602225,SP+TM;SP+TM;SP+TM,38;38;19,1;1;1,216-216;216-216;126-126,34S.216O.14M.1I;34S.216O.14M.1I;34S.126O.11M.1I,265;265;172,N57;N85;N105;N112;N174;N183;N198,,0.76
64,TPSG1,3.457,3.5,3.5,2.75,3.25,,,not_apical,1.308;0.913,0.49,4,colon:goblet cell;colon:goblet cell-proliferating;rectum:goblet;small_intestine:goblet cell,0.88,0.07142857143,0.04761904762,0,ENST00000234798;ENST00000564684,SP+TM;NA,72;28,1;NA,264-264;NA-NA,19S.264O.21M.17I;NA,321;NA,N85,,0.38
11,FIBCD1,1.271,3,3.5,3.5,3.333333333,,"Seems biased to all external data, through TME in external data",not_apical,0.947;0.711,0.36,1,eye:amacrine cell,0.69,0.3333333333,0.2142857143,0,ENST00000486250;ENST00000463475;ENST00000372338,NA;NA;TM,27;23;19,NA;NA;1,NA-NA;NA-NA;410-410,NA;NA;30I.21M.410O,NA;NA;461,N340,,0.71
87,ALPP,3.529,3,3.5,3.5,3.333333333,,,not_apical,0.3;0.081,0.53,2,lung:Alveolar epithelial cell-Type 1;uterus:epithelial cell,0.31,0.02380952381,0,0,ENST00000392027;ENST00000485563;ENST00000474529,SP;NA;NA,40;30;30,0;NA;NA,513-513;NA-NA;NA-NA,22S.513O;NA;NA,535;NA;NA,N144;N271,,0.14
101,BAMBI,4.471,3.5,3.5,3,3.333333333,,expressing on stromal cells,not_apical,6.043;5.417,0.38,8,bile_duct:stem-like cell;bladder:fibroblast;colon:myofibroblast;colon:stromal cell;common_bile_duct:stem-like cell;eye:Fibroblastic corneal endothelium;eye:retinal pigment epithelium;ovary:non immune;skin:melanocyte,0.88,0.8095238095,0.5714285714,0.1904761905,ENST00000497699;ENST00000375533,NA;SP+TM,50;50,NA;1,NA-NA;126-126,NA;26S.126O.21M.87I,NA;260,N87,S114;T137,1
103,MET,4.471,3.5,3.5,3,3.333333333,,,not_apical,8.805;2.407,0.36,9,colon:endothelial cell-arterial;heart:endothelial cell-other;kidney:Connecting tubule;kidney:epithelial cell-progenitor;kidney:Thick ascending limb of Loop of Henle;lung:Alveolar epithelial cell-Type 2 signaling;spine:endothelial cell-arterial;spine:Schwann cell;uterus:epithelial cell,0.88,1,0.9285714286,0.2380952381,ENST00000318493;ENST00000397752;ENST00000456159,SP+TM;SP+TM;SP,34;30;22,1;1;0,927-927;909-909;147-147,24S.927O.22M.435I;24S.909O.22M.435I;43S.147O,1408;1390;190,N45;N106;N149;N202;N399;N405;N607;N635;N785;N879;N930;N998,T918,1
114,MEP1A,4.529,3.4,3.5,3.25,3.383333333,,,not_apical,1.062;1.001,0.37,9,appendix:enterocyte;colon:colonocyte;colon:enterocyte-BEST4+;rectum:enterocyte;rectum:enterocyte-Best4+;rectum:goblet;small_intestine:enterocyte;small_intestine:goblet cell-progenitor;small_intestine:paneth cell,0.88,0.4285714286,0.2142857143,0,ENST00000611727;ENST00000230588,SP+TM;SP+TM,52;48,1;1,724-724;696-696,21S.724O.23M.6I;21S.696O.23M.6I,774;746,N140;N222;N258;N414;N440;N447;N539,,0.79
55,OR5M11,3.429,2.9,4,3.5,3.466666667,,unconvincing expression,not_apical,0.012;0,0.98,0,testes:non immune,0.81,0,0,0,ENST00000528616,TM,17,7,15-33,24O.25M.9I.21M.19O.21M.21I.23M.33O.26M.21I.13M.15O.18M.16I,305,N5,,0
8,MAGEA4,1.271,3.5,3.5,3.5,3.5,,Don't believe surface,not_apical,1.383;0.719,0.99,0,testes:non immune,0.06,0.04761904762,0.04761904762,0,ENST00000431963;ENST00000276344;ENST00000393920,GLOB;GLOB;GLOB,12;6;5,0;0;0,NA-NA;NA-NA;NA-NA,171I;317I;317I,171;317;317,,,0.05
37,TSPEAR,2.471,3.5,3.5,3.5,3.5,,,not_apical,0.296;0.177,0.38,2,small_intestine:endothelial cell-lymphatic;spine:neuron,0.19,0.04761904762,0,0,ENST00000323084;ENST00000642437;ENST00000397916,SP;SP;NA,45;32;23,0;0;NA,652-652;23-23;NA-NA,17S.652O;15S.23O;NA,669;38;NA,N320;N468;N497;N556;N569,,0.33
54,NPY4R2,3.429,3,4,3.5,3.5,,unconvincing expression,not_apical,0.006;0,0.78,0,,0.75,0,0,0,ENST00000576178;ENST00000613306,TM;TM,22;12,7;7,15-40;15-40,40O.25M.12I.23M.15O.22M.19I.20M.36O.23M.30I.21M.15O.24M.50I;40O.25M.12I.23M.15O.22M.19I.20M.36O.23M.30I.21M.15O.24M.50I,375;375,N2;N19;N29;N187,,0.02
60,SPATA31A1,3.443,3.25,3.75,3.5,3.5,,,not_apical,0.006;0,0.73,0,testes:non immune,0.62,0,0,0,ENST00000377647;ENST00000651872;ENST00000473440,TM;NA;NA,21;21;0,1;NA;NA,38-38;NA-NA;NA-NA,38O.19M.1304I;NA;NA,1361;NA;NA,,,0.02
69,AQP12A,3.486,3.5,3.5,3.5,3.5,,,not_apical,0.045;0.028,0.38,1,bile_duct:stem-like cell,0.69,0,0,0,ENST00000460527;ENST00000471878;ENST00000474778,NA;NA;NA,25;17;15,NA;NA;NA,NA-NA;NA-NA;NA-NA,NA;NA;NA,NA;NA;NA,,,0.17
129,OR2I1P,4.614,3.75,3.5,3.25,3.5,,,not_apical,0.213;0.082,0.36,4,bile_duct:stem-like cell;common_bile_duct:stem-like cell;thymus:myofibroblast;thymus:Schwann cell,0.69,0.02380952381,0,0,ENST00000641730;ENST00000641137;ENST00000642037,NA;TM;NA,33;33;33,NA;7;NA,NA-NA;16-33;NA-NA,NA;24O.24M.12I.21M.16O.22M.24I.22M.33O.24M.18I.16M.16O.20M.23I;NA,NA;315;NA,,,0.38
19,L1TD1,1.371,3.5,3.5,3.75,3.583333333,,Don't believe surface,not_apical,8.668;2.562,0.84,3,appendix:epithelial cell;appendix:TA cell;colon:goblet cell-proliferating;testes:non immune,0.12,0.1904761905,0.119047619,0.04761904762,ENST00000498273,GLOB,100,0,NA-NA,865I,865,,,0.6
33,GOLGA6A,2.443,3.75,3.5,3.5,3.583333333,,prob not surface,not_apical,0.097;0.059,0.57,0,testes:non immune,0.12,0,0,0,ENST00000290438;ENST00000568723;ENST00000569486,GLOB;NA;NA,44;38;1,0;NA;NA,NA-NA;NA-NA;NA-NA,693I;NA;NA,693;NA;NA,,,0.12
73,PRRT1B,3.486,3.5,3.75,3.5,3.583333333,,,not_apical,0.108;0.041,0.35,1,stomach:enteroendocrine,0.62,0,0,0,ENST00000636672,TM,100,1,5-5,237I.21M.5O,263,,,0.31
79,NPY4R,3.5,3.75,3.5,3.5,3.583333333,,,not_apical,0.016;0,0.46,2,stomach:enteroendocrine;stomach:mucous cell-gland,0.88,0,0,0,ENST00000612632;ENST00000374312,TM;TM,30;29,7;7,15-40;15-40,40O.25M.12I.23M.15O.22M.19I.20M.36O.23M.30I.21M.15O.24M.50I;40O.25M.12I.23M.15O.22M.19I.20M.36O.23M.30I.21M.15O.24M.50I,375;375,N2;N19;N29;N187,,0.02
18,LARGE2,1.371,4,3.5,3.5,3.666666667,,Don't believe surface,not_apical,1.469;0.581,0.36,1,eye:retinal pigment epithelium,0.19,0.619047619,0.2142857143,0,ENST00000401752;ENST00000325468;ENST00000531526,SP;SP;SP,26;23;15,0;0;0,689-689;689-689;689-689,32S.689O;32S.689O;32S.689O,721;721;721,N80;N107;N231,,1
53,GPRC6A,3.429,3.5,4,3.5,3.666666667,,1 donor,not_apical,0.667;0.021,0.76,0,,0.75,0.02380952381,0.02380952381,0,ENST00000310357;ENST00000530250;ENST00000368549,SP+TM;SP+TM;SP+TM,20;20;10,7;7;7,8-575;8-400;8-504,18S.575O.22M.16I.20M.11O.24M.18I.21M.23O.23M.11I.21M.8O.20M.95I;18S.400O.23M.14I.21M.12O.25M.16I.21M.24O.22M.11I.21M.8O.21M.94I;18S.504O.23M.14I.21M.12O.25M.16I.21M.23O.23M.11I.21M.8O.21M.94I,926;751;855,N121;N259;N332;N378;N452;N555;N567;N590;N733,,0.02
3,NOXO1,0.171,4,3.5,3.75,3.75,,Don't believe surface,not_apical,1.624;1.582,0.39,0,,0.19,0.880952381,0.4523809524,0.04761904762,ENST00000354249;ENST00000356120;ENST00000563181,GLOB;GLOB;NA,23;23;17,0;0;NA,NA-NA;NA-NA;NA-NA,370I;371I;NA,370;371;NA,,,0.98
38,SH3D21,2.486,4,3.5,3.75,3.75,,Seems very highly expressed in healthy bulk and protein space,not_apical,3.208;1.328,0.4,0,,0.12,0.3571428571,0.119047619,0.04761904762,ENST00000453908;ENST00000505871;ENST00000480549,GLOB;GLOB;GLOB,25;25;14,0;0;0,NA-NA;NA-NA;NA-NA,756I;645I;135I,756;645;135,,,0.98
111,RNF186,4.529,3.5,3.75,4,3.75,,doesnt look surface,not_apical,2.931;1.512,0.42,4,appendix:enterocyte;kidney:proximal tubule-convoluted;rectum:enterocyte-Best4+;rectum:stem-like/TA,0.69,0.6666666667,0.1904761905,0.02380952381,ENST00000375121,TM,100,2,7-7,154I.19M.7O.19M.28I,227,,,0.98
63,SPEM3,3.457,3.75,4,3.75,3.833333333,,,not_apical,0.01;0,0.6,1,pan:T cell;testes:macrophage;testes:non immune,0.75,0,0,0,ENST00000636696;ENST00000651079,TM;NA,56;2,1;NA,26-26;NA-NA,26O.22M.1148I;NA,1196;NA,,,0.02
66,CYP4F8,3.471,3.75,4,4,3.916666667,,,not_apical,0.312;0.012,0.45,0,,0.69,0.02380952381,0,0,ENST00000590745;ENST00000612078;ENST00000622291,NA;SP+TM;NA,17;13;8,NA;1;NA,NA-NA;1-1;NA-NA,NA;21S.1O.14M.484I;NA,NA;520;NA,,,0.14
80,OR2D3,3.5,3.75,4,4,3.916666667,,,not_apical,0.011;0.006,0.49,2,kidney:intercalated cell-type B;thymus:plasma cell-proliferating,0.81,0,0,0,ENST00000317834,TM,75,7,15-40,40O.25M.12I.21M.15O.23M.22I.24M.30O.23M.21I.17M.15O.18M.24I,330,N21,,0.02
7,IL37,1.271,4,4,4,4,,Dont believe surface,not_apical,2.186;0.585,0.97,0,,0.06,0.04761904762,0.02380952381,0,ENST00000263326;ENST00000353225;ENST00000352179,GLOB;GLOB;GLOB,21;19;18,0;0;0,NA-NA;NA-NA;NA-NA,218I;178I;197I,218;178;197,,,0.17
20,OR2A4,2.329,4,4,4,4,,,not_apical,0.017;0.006,0.8,0,,0.88,0,0,0,ENST00000315453,TM,50,7,12-30,23O.25M.9I.21M.18O.23M.24I.22M.30O.26M.18I.20M.12O.18M.21I,310,N4,,0.02
21,CPNE7,2.343,4,4,4,4,,,not_apical,4.362;2.456,0.63,0,,0.06,0.6428571429,0.380952381,0.07142857143,ENST00000319518;ENST00000268720;ENST00000525982,GLOB;GLOB;GLOB,33;27;16,0;0;0,NA-NA;NA-NA;NA-NA,558I;633I;120I,558;633;120,,,1
30,TEDDM1,2.414,4,4,4,4,,,not_apical,0.012;0.012,0.37,3,kidney:intercalated cell-type A;salivary_gland:NKT;uterus:NKT,0.69,0,0,0,ENST00000367565,TM,58,6,11-23,27I.21M.20O.19M.9I.21M.11O.21M.8I.21M.23O.18M.54I,273,,,0.02
39,DIO3,2.486,4,4,4,4,,,not_apical,0.72;0.619,0.36,9,bile_duct:fibroblast-mesenchymal;bladder:fibroblast;breast:epithelial cell;breast:luminal cell;colon:mesenchymal stem cell;esophagus:endothelial cell-arterial;pancreas:fibroblast;rectum:enteroendocrine-intestinal;skeletal_muscle:satellite-stem,0.19,0.380952381,0.07142857143,0,ENST00000510508,GLOB,100,0,NA-NA,304I,304,,,0.88
51,CLCA1,3.414,4,4,4,4,,,not_apical,16.286;7.81,0.93,7,appendix:epithelial cell;colon:goblet cell;colon:goblet cell-proliferating;rectum:goblet;rectum:TA-secretory;small_intestine:goblet cell;small_intestine:goblet cell-progenitor,0.19,0.07142857143,0.07142857143,0.02380952381,ENST00000394711;ENST00000234701,SP;SP,50;25,0;0,893-893;893-893,21S.893O;21S.893O,914;914,N503;N585;N770;N804;N810;N831;N836;N890,,0.24
57,GPR119,3.443,4,4,4,4,,,not_apical,0.071;0,0.59,0,,0.88,0,0,0,ENST00000276218,TM,25,7,6-22,6O.24M.12I.21M.16O.22M.20I.22M.22O.21M.42I.21M.10O.21M.55I,335,,,0.02
58,OR4C6,3.443,4,4,4,4,,,not_apical,0.028;0,0.7,0,,0.81,0,0,0,ENST00000641251;ENST00000314259,TM;TM,17;8,7;7,10-27;10-27,23O.25M.10I.23M.14O.23M.22I.24M.27O.29M.21I.16M.10O.20M.22I;23O.25M.10I.23M.14O.23M.22I.24M.27O.29M.21I.16M.10O.20M.22I,309;309,N6,,0
59,OR4E1,3.443,4,4,4,4,,,not_apical,0.024;0,0.53,0,,0.81,0,0,0,ENST00000641792;ENST00000610316,TM;TM,33;0,7;7,12-29;12-29,28O.26M.8I.21M.18O.23M.21I.23M.29O.30M.16I.18M.12O.20M.22I;23O.25M.9I.21M.18O.23M.21I.23M.29O.30M.16I.18M.12O.20M.12I,315;300,N8,,0
61,TEX51,3.443,4,4,4,4,,,not_apical,0.009;0,0.53,0,testes:macrophage;testes:non immune,0.75,0,0,0,ENST00000454927;ENST00000437793;ENST00000636457,NA;GLOB;SP+TM,4;3;3,NA;0;1,NA-NA;NA-NA;141-141,NA;131I;15S.141O.21M.21I,NA;131;198,,,0
67,IFITM5,3.471,4,4,4,4,,,not_apical,0.069;0.006,0.45,0,,0.75,0,0,0,ENST00000382614,TM,92,3,1-27,36I.11M.1O.10M.26I.21M.27O,132,,,0.05
71,OR2T33,3.486,4,4,4,4,,,not_apical,0.011;0,0.37,1,spine:neuron,0.81,0,0,0,ENST00000318021;ENST00000641220,TM;TM,7;2,7;7,13-30;13-30,23O.24M.9I.21M.18O.23M.23I.23M.30O.25M.19I.19M.13O.20M.30I;23O.24M.9I.21M.18O.23M.23I.23M.30O.25M.19I.19M.13O.20M.30I,320;320,N17,,0
72,OR9Q2,3.486,4,4,4,4,,,not_apical,0.011;0,0.42,1,appendix:TA cell,0.69,0,0,0,ENST00000641291;ENST00000311591,TM;TM,33;0,7;7,12-30;12-30,24O.25M.9I.21M.18O.23M.22I.24M.30O.27M.21I.16M.12O.18M.24I;24O.25M.9I.21M.18O.23M.22I.24M.30O.27M.21I.16M.12O.18M.24I,314;314,N5,,0
74,RNF225,3.486,4,4,4,4,,,not_apical,0.011;0.003,0.36,1,skin:mast cell,0.81,0,0,0,ENST00000601382,TM,42,1,109-109,199I.21M.109O,329,,,0.02
77,TBC1D3E,3.5,4,4,4,4,,,not_apical,0.012;0,0.67,1,adrenal_gland:chromaffin cell-progenitor,0.25,0,0,0,ENST00000621587,GLOB,42,0,NA-NA,549I,549,,,0.02
86,SYNGR4,3.514,4,4,4,4,,,not_apical,0.143;0.021,0.38,3,pancreas:alpha cell;pancreas:beta cell;spine:lymphocyte;testes:non immune,0.81,0.02380952381,0,0,ENST00000344846;ENST00000601610;ENST00000595322,TM;TM;SP,42;25;19,4;3;0,17-22;18-19;14-14,24I.21M.22O.21M.15I.22M.17O.21M.71I;18O.21M.15I.22M.19O.14M.37I;60S.14O,234;146;74,,,0.21
91,NLRP10,3.543,4,4,4,4,,,not_apical,0.069;0,0.37,2,eye:Conjunctival basal cell;lymph_node:unknown_FurtherCheck,0.25,0,0,0,ENST00000328600;ENST00000526590,GLOB;GLOB,31;2,0;0,NA-NA;NA-NA,655I;65I,655;65,,,0.02
96,TRPM5,3.557,4,4,4,4,,,not_apical,0.292;0.05,0.38,3,appendix:tuft cell;colon:tuft cell;small_intestine:tuft cell,0.75,0.02380952381,0,0,ENST00000155858;ENST00000533881;ENST00000533060,TM;TM;TM,32;32;18,6;6;6,8-59;8-59;8-59,731I.21M.15O.16M.23I.21M.8O.18M.19I.21M.59O.21M.192I;725I.22M.14O.16M.23I.21M.8O.18M.19I.21M.59O.21M.192I;731I.21M.15O.16M.23I.21M.8O.18M.19I.21M.59O.21M.200I,1165;1159;1173,,,0.45
97,UGT1A10,3.557,4,4,4,4,,,not_apical,0.291;0.114,0.37,7,appendix:enterocyte;appendix:epithelial cell;colon:colonocyte;colon:enterocyte;colon:epithelial cell;rectum:myeloid cell;small_intestine:paneth cell,0.69,0.02380952381,0,0,ENST00000344644;ENST00000373445,SP+TM;SP,56;44,1;0,460-460;416-416,25S.460O.21M.24I;25S.416O,530;441,N71;N292;N344,,0.36
117,AQP8,4.557,4,4,4,4,,,not_apical,0.793;0.658,0.37,8,colon:colonocyte;colon:enterocyte;colon:enterocyte-BEST4+;pancreas:acinar cell;pancreas:acinar cell-REG+;pancreas:acinar cell-secretory;pancreas:myeloid cell;rectum:enterocyte,0.75,0.02380952381,0.02380952381,0,ENST00000219660;ENST00000566125,TM;TM,54;30,6;6,11-24;10-24,37I.20M.11O.18M.27I.18M.23O.23M.6I.21M.24O.21M.12I;31I.20M.10O.19M.27I.18M.22O.24M.6I.21M.24O.21M.12I,261;255,N59;N139,,0.26
118,CHGA,4.557,4,4,4,4,,,not_apical,32.811;0.559,0.77,9,adrenal_gland:chromaffin cell;adrenal_gland:chromaffin cell-norepinephrine secreting;adrenal_gland:chromaffin cell-progenitor;colon:enteroendocrine;pancreas:alpha cell;pancreas:beta cell;rectum:enteroendocrine-intestinal;small_intestine:enteroendocrine;stomach:enteroendocrine,0.19,0.04761904762,0,0,ENST00000216492;ENST00000334654;ENST00000556076,SP;SP;SP,23;20;15,0;0;0,439-439;288-288;20-20,18S.439O;18S.288O;18S.20O,457;306;38,,T181;T183;T251;S48;S191,0.1
128,ARSH,4.614,4,4,4,4,,,not_apical,0.027;0.005,0.36,4,common_bile_duct:cholangiocytes;lymph_node:unknown_FurtherCheck;spine:motor neuron-excitatory;spine:neuron,0.81,0,0,0,ENST00000381130,TM,50,2,162-351,162O.21M.12I.16M.351O,562,,,0
132,OR52K2,4.614,4,4,4,4,,,not_apical,0.018;0,0.38,5,blood:monocyte-CD14;CNS_midbrain:microglial cell;pancreas:monocyte;pbmc:monocyte-CD14;pbmc:monocyte-CD16,0.81,0,0,0,ENST00000325719,TM,17,7,11-33,26O.25M.9I.28M.11O.23M.23I.20M.33O.26M.18I.21M.12O.21M.18I,314,N5,,0.02
134,CHRNA9,4.614,4,4,4,4,,,not_apical,0.035;0,0.38,6,pan:T cell;spine:fibroblast-progenitor;spine:motor neuron-excitatory;spine:motor neuron-inhibitory;spine:neuron;spine:pericyte,0.88,0,0,0,ENST00000509518;ENST00000310169;ENST00000502377,NA;SP+TM;NA,25;24;1,NA;4;NA,NA-NA;3-216;NA-NA,NA;22S.216O.24M.6I.19M.14O.22M.134I.19M.3O;NA,NA;479;NA,N57;N170,,0.02
40,COX6B2,2.5,3.5,,,3.5,,,not_apical,0.474;0.135,0.35,3,pan:T cell CD8;rectum:enteroendocrine-intestinal;rectum:stem-like/TA;testes:non immune,0.25,0.04761904762,0.02380952381,0,ENST00000588572;ENST00000326529;ENST00000593184,GLOB;GLOB;GLOB,24;23;18,0;0;0,NA-NA;NA-NA;NA-NA,88I;88I;88I,88;88;88,,,0.71
62,IGF2,3.443,,,,#DIV/0!,,,not_apical,61.076;31.373,0.88,8,adrenal_gland:chromaffin cell;appendix:endothelial cell;colon:endothelial cell-arterial;kidney:Descending vasa recta endothelium;lung:artery cell;small_intestine:endothelial cell-arterial;small_intestine:endothelial cell-lymphatic;testes:non immune;thymus:thymic myoid cell,0.12,0.2619047619,0.2142857143,0.1428571429,ENST00000416167;ENST00000381406;ENST00000381395,SP;SP;SP,38;21;17,0;0;0,156-156;159-159;156-156,24S.156O;24S.159O;24S.156O,180;183;180,,T96;T99;T163,0.31
68,DEFA5,3.471,,,,#DIV/0!,,,not_apical,37.071;3.258,0.94,9,small_intestine:endothelial cell-lymphatic;small_intestine:enteroendocrine;small_intestine:epithelial cell-progenitor;small_intestine:fibroblast-mesenchymal;small_intestine:goblet cell;small_intestine:goblet cell-progenitor;small_intestine:plasma cell;small_intestine:TA-cycling;small_intestine:tuft cell,0.12,0.02380952381,0.02380952381,0.02380952381,ENST00000330590,SP,92,0,75-75,19S.75O,94,,,0.17
75,DEFA6,3.486,,,,#DIV/0!,,,not_apical,3.264;2.309,0.7,5,pan:T cell;small_intestine:epithelial cell-progenitor;small_intestine:goblet cell;small_intestine:goblet cell-progenitor;small_intestine:tuft cell,0.12,0.02380952381,0.02380952381,0,ENST00000297436,SP,100,0,81-81,19S.81O,100,,,0.38
83,OR51B5,3.514,,,,#DIV/0!,,,not_apical,0.034;0.01,0.35,3,CNS_diencephalon:Leptomeningeal cell;eye:glial cell;salivary_gland:myoepithelial;testes:non immune,0.81,0,0,0,ENST00000415970;ENST00000418729;ENST00000420726,NA;TM;NA,22;11;10,NA;4;NA,NA-NA;14-32;NA-NA,NA;23O.24M.9I.25M.14O.23M.23I.21M.32O;NA,NA;194;NA,,,0.05
115,TM4SF4,4.529,,,,#DIV/0!,,,not_apical,6.247;1.088,0.41,9,bile_duct:cholangiocytes;bile_duct:stem-like cell;common_bile_duct:cholangiocytes;common_bile_duct:stem-like cell;liver:cholangiocytes;pancreas:alpha cell;pancreas:ductal cell;small_intestine:enterocyte;small_intestine:enteroendocrine,0.81,0.09523809524,0.04761904762,0.02380952381,,,,,,,,N124;N156,,0.38
119,KLK7,4.571,,,,#DIV/0!,,,not_apical,1.438;1.153,0.35,7,breast:luminal-progenitor;esophagus:epithelial cell-suprabasal;eye:Conjunctival basal cell;eye:Conjunctival EMT/suprabasal;kidney:podocyte;salivary_gland:basal cell;salivary_gland:ductal cell,0.19,0.2142857143,0.04761904762,0,ENST00000595820;ENST00000304045;ENST00000593904,SP;SP;GLOB,25;21;16,0;0;0,231-231;44-44;69-69,22S.231O;22S.44O;69O,253;66;69,N246,,0.5
130,CTAGE8,4.614,,,,#DIV/0!,,,not_apical,0.014;0.012,0.35,5,colon:fibroblast-mesenchymal;colon:goblet cell-proliferating;kidney:epithelial cell-progenitor;kidney:Principal cell;stomach:fibroblast,0.62,0,0,0,ENST00000487179,TM,92,1,42-42,42O.18M.717I,777,,,0.12
131,MLNR,4.614,,,,#DIV/0!,,,not_apical,0.006;0,0.36,5,eye:glial cell;liver:monocyte;rectum:enteric glial cell;stomach:enteroendocrine;trachea:fibroblast,0.81,0,0,0,ENST00000218721,TM,42,7,16-69,37O.26M.11I.22M.16O.22M.20I.23M.69O.24M.28I.22M.17O.21M.54I,412,N6;N192,,0.02
133,SSTR5,4.614,,,,#DIV/0!,,,not_apical,0.034;0.016,0.48,5,bile_duct:cholangiocytes;common_bile_duct:cholangiocytes;eye:amacrine cell;kidney:Thick ascending limb of Loop of Henle;small_intestine:enteroendocrine,0.94,0,0,0,ENST00000293897,TM,83,7,14-40,40O.26M.10I.22M.15O.22M.19I.23M.21O.24M.26I.22M.14O.23M.57I,364,N13;N26;N187,,0.14
135,GFY,4.614,,,,#DIV/0!,,,not_apical,0.007;0.002,0.36,7,CNS_forebrain:Dorsal Root ganglion cell;CNS_hindbrain:Dorsal Root ganglion cell;CNS_telencephalon:excitatory neuron-serotonergic;eye:Muller cell;eye:neuron-proliferating;eye:photoreceptor cell;eye:retinal ganglion cell;testes:non immune,0.88,0,0,0,ENST00000610896;ENST00000576655,SP+TM;SP+TM,32;26,1;1,388-388;388-388,21S.388O.21M.88I;21S.388O.21M.88I,518;518,N124;N156;N188;N220;N268,,0.02
136,GLRA4,4.614,,,,#DIV/0!,,,not_apical,0.081;0.011,0.37,8,CNS_diencephalon:excitatory neuron-cerebral;CNS_hindbrain:Cholinergic neuron;CNS_hindbrain:Dorsal Root ganglion cell;CNS_hindbrain:interneuron-SST+;CNS_telencephalon:interneuron-SST+;colon:colonocyte;spine:motor neuron-excitatory;spine:motor neuron-inhibitory,0.75,0,0,0,ENST00000372617;ENST00000436213;ENST00000480725,SP+TM;SP;NA,21;20;1,3;0;NA,11-229;1-1;NA-NA,28S.229O.22M.3I.23M.11O.23M.78I;43S.1O;NA,417;44;NA,,,0.1
139,IZUMO1R,4.629,,,,#DIV/0!,,,not_apical,0.009;0,0.65,5,bile_duct:fibroblast;common_bile_duct:fibroblast;pan:B cell;stomach:enteroendocrine;trachea:SMC,0.19,0,0,0,ENST00000440961;ENST00000328458,SP;SP,13;12,0;0,224-224;231-231,19S.224O;19S.231O,243;250,N73,,0.02
140,OR14A16,4.629,,,,#DIV/0!,,,not_apical,0.021;0,0.39,5,appendix:tuft cell;colon:tuft cell;eye:photoreceptor cell-cone;rectum:enteroendocrine-intestinal;spine:motor neuron-excitatory,0.81,0,0,0,ENST00000641093;ENST00000357627,TM;TM,33;0,7;7,11-29;11-29,22O.24M.10I.21M.18O.23M.24I.22M.29O.24M.22I.18M.11O.21M.20I;22O.24M.10I.21M.18O.23M.24I.22M.29O.24M.22I.18M.11O.21M.20I,309;309,N3;N87,,0.02
143,FAM156B,4.657,,,,#DIV/0!,,,not_apical,0.026;0.014,0.36,8,colon:endothelial cell-capillary;colon:stromal cell;kidney:glomerular endothelium;kidney:Principal cell;lymph_node:endothelial cell-venous;stomach:mast cell;thymus:cTEC-proliferating;thymus:fibroblast-proliferating,0.19,0,0,0,ENST00000593751;ENST00000616419;ENST00000416841,GLOB;GLOB;GLOB,31;22;15,0;0;0,NA-NA;NA-NA;NA-NA,213I;213I;213I,213;213;213,,,0.14