gene_name,YES,NO,claude_summary
A2M,6,4,3
A3GALT2,2,8,1
A4GALT,6,4,3
AADAC,0,10,0
AADACL3,0,10,0
AADACL4,0,10,0
AAMP,0,10,0
AATK,1,9,1
ABCA1,9,0,5
ABCA10,10,0,5
ABCA12,7,3,3
ABCA13,7,3,3
ABCA2,1,8,1
ABCA3,1,9,1
ABCA4,1,9,1
ABCA5,4,6,2
ABCA6,8,2,4
ABCA7,8,2,4
ABCA8,7,3,3
ABCA9,5,5,3
ABCB1,8,2,4
ABCB10,0,10,0
ABCB11,5,5,3
ABCB4,7,3,3
ABCB5,10,0,5
ABCB6,5,5,3
ABCB7,0,10,0
ABCB8,0,10,0
ABCB9,0,10,0
ABCC1,8,2,4
ABCC10,4,5,2
ABCC11,9,1,4
ABCC12,8,2,4
ABCC2,10,0,5
ABCC3,10,0,5
ABCC4,10,0,5
ABCC5,10,0,5
ABCC6,8,2,4
ABCC8,8,2,4
ABCC9,8,2,4
ABCD1,0,10,0
ABCD2,0,10,0
ABCD3,0,10,0
ABCD4,0,10,0
ABCG1,10,0,5
ABCG2,10,0,5
ABCG4,6,4,3
ABCG5,6,4,3
ABCG8,7,3,3
ABHD1,0,10,0
ABHD12,0,9,0
ABHD13,1,9,1
ABHD14A,0,10,0
ABHD15,0,10,0
ABHD16A,0,10,0
ABHD2,0,10,0
ABHD3,0,10,0
ABI3BP,0,10,0
ABO,10,0,5
AC005551.1,0,10,0
AC008397.1,0,10,0
AC010325.1,0,10,0
AC087498.1,0,10,0
AC093512.2,0,10,0
AC135068.1,0,10,0
AC135068.3,0,10,0
ACBD4,0,10,0
ACE,10,0,5
ACE2,10,0,5
ACER1,0,10,0
ACER2,0,10,0
ACER3,7,2,4
ACHE,9,0,5
ACKR1,10,0,5
ACKR2,10,0,5
ACKR3,10,0,5
ACKR4,10,0,5
ACP2,0,10,0
ACP4,0,10,0
ACPP,9,1,4
ACSL1,0,10,0
ACSL5,0,10,0
ACSL6,0,10,0
ACTN1,0,9,0
ACTN2,0,10,0
ACTN4,0,1,0
ACVR1,9,0,5
ACVR1B,10,0,5
ACVR1C,10,0,5
ACVR2A,10,0,5
ACVR2B,10,0,5
ACVRL1,10,0,5
ADAM10,10,0,5
ADAM11,10,0,5
ADAM12,9,0,5
ADAM15,10,0,5
ADAM17,10,0,5
ADAM18,10,0,5
ADAM19,9,0,5
ADAM2,9,0,5
ADAM20,10,0,5
ADAM21,10,0,5
ADAM22,10,0,5
ADAM23,9,1,4
ADAM28,10,0,5
ADAM29,9,0,5
ADAM30,10,0,5
ADAM32,10,0,5
ADAM33,10,0,5
ADAM7,10,0,5
ADAM8,10,0,5
ADAM9,10,0,5
ADAMTS15,3,7,2
ADAMTS5,4,6,2
ADAMTSL2,0,10,0
ADAMTSL4,0,10,0
ADAP1,0,10,0
ADCK5,0,10,0
ADCY1,2,8,1
ADCY2,2,8,1
ADCY3,5,5,3
ADCY4,4,6,2
ADCY5,2,8,1
ADCY6,4,6,2
ADCY7,2,7,1
ADCY8,3,7,2
ADCY9,4,6,2
ADCYAP1,3,7,2
ADCYAP1R1,10,0,5
ADD3,0,10,0
ADGRA1,10,0,5
ADGRA2,10,0,5
ADGRA3,10,0,5
ADGRB1,10,0,5
ADGRB2,10,0,5
ADGRB3,10,0,5
ADGRD1,10,0,5
ADGRD2,10,0,5
ADGRE1,10,0,5
ADGRE2,10,0,5
ADGRE3,9,0,5
ADGRE5,10,0,5
ADGRF1,10,0,5
ADGRF2,10,0,5
ADGRF3,10,0,5
ADGRF4,10,0,5
ADGRF5,10,0,5
ADGRG1,10,0,5
ADGRG2,10,0,5
ADGRG3,10,0,5
ADGRG4,10,0,5
ADGRG5,10,0,5
ADGRG6,10,0,5
ADGRG7,10,0,5
ADGRL1,10,0,5
ADGRL2,10,0,5
ADGRL3,10,0,5
ADGRL4,10,0,5
ADGRV1,10,0,5
ADIG,1,9,1
ADIPOR1,10,0,5
ADIPOR2,7,3,3
ADM,9,1,4
ADORA1,10,0,5
ADORA2A,10,0,5
ADORA2B,10,0,5
ADORA3,10,0,5
ADPGK,0,10,0
ADRA1A,10,0,5
ADRA1B,10,0,5
ADRA1D,10,0,5
ADRA2A,10,0,5
ADRA2B,10,0,5
ADRA2C,10,0,5
ADRB1,10,0,5
ADRB2,10,0,5
ADRB3,10,0,5
ADTRP,1,9,1
AEBP1,1,9,1
AFAP1L2,0,10,0
AFG3L2,0,10,0
AGER,10,0,5
AGMO,0,10,0
AGPAT1,0,10,0
AGPAT2,0,10,0
AGPAT3,0,9,0
AGPAT4,0,10,0
AGPAT5,0,10,0
AGRN,10,0,5
AGT,1,9,1
AGTR1,10,0,5
AGTR2,9,1,4
AGTRAP,2,8,1
AHNAK2,0,10,0
AHSG,3,6,2
AIFM1,0,10,0
AIG1,0,10,0
AJAP1,4,6,2
AJM1,5,5,3
AKAP1,0,10,0
AKAP10,0,9,0
AKAP12,1,9,1
AKT1,0,10,0
AL034430.1,0,10,0
AL160269.1,0,10,0
AL845331.2,0,10,0
ALB,2,8,1
ALCAM,10,0,5
ALDH3A2,0,10,0
ALG1,0,10,0
ALG10,0,9,0
ALG10B,0,10,0
ALG11,0,10,0
ALG12,0,10,0
ALG14,0,10,0
ALG3,0,10,0
ALG5,0,10,0
ALG6,0,10,0
ALG8,0,10,0
ALG9,0,10,0
ALK,10,0,5
ALOX5AP,0,10,0
ALPG,2,8,1
ALPI,10,0,5
ALPL,10,0,5
ALPP,10,0,5
AMBP,1,9,1
AMER2,0,10,0
AMFR,2,8,1
AMHR2,10,0,5
AMIGO1,10,0,5
AMIGO2,10,0,5
AMIGO3,10,0,5
AMN,8,2,4
AMOT,1,9,1
AMOTL1,0,10,0
AMPH,1,9,1
ANGPT1,7,3,3
ANGPT2,10,0,5
ANGPTL1,8,2,4
ANGPTL2,9,1,4
ANGPTL3,2,8,1
ANGPTL4,8,2,4
ANGPTL8,5,5,3
ANK1,2,8,1
ANK2,0,10,0
ANK3,3,7,2
ANKH,9,0,5
ANKLE2,0,10,0
ANKRD13B,0,10,0
ANKRD46,0,10,0
ANO1,10,0,5
ANO10,9,1,4
ANO2,10,0,5
ANO3,9,0,5
ANO4,10,0,5
ANO5,9,1,4
ANO6,10,0,5
ANO7,10,0,5
ANO8,10,0,5
ANO9,10,0,5
ANPEP,10,0,5
ANTXR1,10,0,5
ANTXR2,9,0,5
ANTXRL,9,1,4
ANXA1,10,0,5
ANXA2,10,0,5
AOC2,8,2,4
AOC3,10,0,5
APCDD1,10,0,5
APH1A,0,10,0
APH1B,0,10,0
APLF,0,10,0
APLNR,10,0,5
APLP1,10,0,5
APLP2,10,0,5
APMAP,0,10,0
APOB,4,6,2
APOBR,0,10,0
APOC3,0,10,0
APOD,0,9,0
APOH,9,1,4
APOO,0,10,0
APOOL,1,9,1
APP,9,0,5
AQP1,10,0,5
AQP10,10,0,5
AQP11,0,10,0
AQP12A,4,6,2
AQP12B,1,9,1
AQP2,7,3,3
AQP3,10,0,5
AQP4,10,0,5
AQP5,10,0,5
AQP6,7,3,3
AQP7,9,1,4
AQP8,2,8,1
AQP9,10,0,5
AREG,10,0,5
AREL1,0,10,0
ARHGAP45,0,10,0
ARHGEF11,0,10,0
ARL13A,0,10,0
ARL13B,0,10,0
ARL14EP,0,10,0
ARL6IP1,0,10,0
ARL6IP5,0,10,0
ARL6IP6,0,10,0
ARMCX2,0,10,0
ARMH4,0,10,0
ARRDC4,3,7,2
ARSD,0,10,0
ARSE,0,10,0
ARSF,0,9,0
ARSH,0,9,0
ART1,10,0,5
ART3,10,0,5
ART4,10,0,5
ARV1,0,9,0
ASAH1,0,10,0
ASAH2,0,10,0
ASAP1,0,10,0
ASAP2,0,10,0
ASGR1,10,0,5
ASGR2,10,0,5
ASIC1,10,0,5
ASIC2,10,0,5
ASIC3,10,0,5
ASIC4,9,1,4
ASIC5,10,0,5
ASPH,0,10,0
ASPN,9,1,4
ASPSCR1,0,10,0
ASTN1,3,7,2
ASTN2,6,4,3
ATAD1,0,10,0
ATAD3A,0,10,0
ATAD3B,0,10,0
ATAD3C,0,10,0
ATF6,0,10,0
ATF6B,0,10,0
ATG13,0,10,0
ATG9A,8,2,4
ATG9B,1,9,1
ATL1,2,7,1
ATL2,1,9,1
ATL3,0,10,0
ATP10A,0,10,0
ATP10B,0,10,0
ATP10D,0,10,0
ATP11A,0,10,0
ATP11B,0,10,0
ATP11C,0,10,0
ATP12A,1,9,1
ATP13A1,2,8,1
ATP13A2,0,10,0
ATP13A3,2,8,1
ATP13A4,2,8,1
ATP13A5,1,9,1
ATP1A1,10,0,5
ATP1A2,9,0,5
ATP1A3,10,0,5
ATP1A4,10,0,5
ATP1B1,10,0,5
ATP1B2,10,0,5
ATP1B3,10,0,5
ATP1B4,10,0,5
ATP2A1,0,9,0
ATP2A2,0,10,0
ATP2A3,0,10,0
ATP2B1,8,2,4
ATP2B2,8,2,4
ATP2B3,9,1,4
ATP2B4,9,1,4
ATP2C1,0,10,0
ATP2C2,1,9,1
ATP4A,0,10,0
ATP4B,0,10,0
ATP5MC1,0,10,0
ATP5MC2,0,10,0
ATP5MC3,0,10,0
ATP5MD,0,10,0
ATP5ME,0,10,0
ATP5MF,0,10,0
ATP5MG,0,10,0
ATP5MGL,0,10,0
ATP5MPL,0,10,0
ATP5PB,0,10,0
ATP6AP1,0,10,0
ATP6AP1L,0,10,0
ATP6AP2,6,4,3
ATP6V0A1,0,10,0
ATP6V0A2,0,10,0
ATP6V0A4,0,10,0
ATP6V0B,0,10,0
ATP6V0C,0,10,0
ATP6V0E1,0,10,0
ATP6V0E2,0,10,0
ATP7A,1,9,1
ATP7B,0,10,0
ATP8A1,0,10,0
ATP8A2,1,8,1
ATP8B1,6,4,3
ATP8B2,1,9,1
ATP8B3,0,10,0
ATP8B4,1,9,1
ATP9A,0,10,0
ATP9B,0,9,0
ATRAID,1,9,1
ATRN,10,0,5
ATRNL1,10,0,5
AUP1,0,10,0
AVEN,0,10,0
AVPR1A,10,0,5
AVPR1B,10,0,5
AVPR2,9,0,5
AWAT1,0,10,0
AWAT2,0,10,0
AXL,10,0,5
B2M,10,0,5
B3GALNT1,0,10,0
B3GALT2,0,10,0
B3GALT4,0,10,0
B3GALT5,1,9,1
B3GAT1,7,3,3
B3GAT2,2,8,1
B3GAT3,5,5,3
B3GNT10,0,10,0
B3GNT2,0,10,0
B3GNT3,1,9,1
B3GNT5,0,10,0
B3GNT7,0,10,0
B4GALNT2,0,10,0
B4GALNT3,1,9,1
B4GALNT4,1,9,1
B4GALT1,5,4,3
B4GALT2,3,7,2
B4GALT3,3,7,2
B4GALT4,3,7,2
B4GALT5,0,9,0
B4GALT6,3,7,2
B4GALT7,1,9,1
BACE1,1,9,1
BACE2,3,7,2
BAIAP2,0,10,0
BAIAP2L1,0,10,0
BAMBI,7,3,3
BASP1,0,10,0
BBOF1,0,10,0
BBS5,0,10,0
BCAM,10,0,5
BCAN,8,2,4
BCAP29,0,10,0
BCAP31,0,10,0
BCAR1,0,10,0
BCHE,4,6,2
BCL2L10,0,10,0
BCL2L13,0,10,0
BCS1L,0,10,0
BDKRB1,9,0,5
BDKRB2,10,0,5
BDNF,9,1,4
BEAN1,0,10,0
BEST1,9,1,4
BEST2,8,2,4
BEST3,9,1,4
BEST4,9,1,4
BET1,0,10,0
BET1L,0,10,0
BFAR,0,10,0
BFSP1,0,10,0
BGN,1,9,1
BIK,0,10,0
BLCAP,0,10,0
BLVRB,0,10,0
BMP1,3,7,2
BMPER,7,3,3
BMPR1A,10,0,5
BMPR1B,10,0,5
BMPR2,10,0,5
BNIP1,0,10,0
BNIP3,0,10,0
BNIP3L,0,10,0
BOC,10,0,5
BORCS5,0,10,0
BRI3BP,0,10,0
BRICD5,0,10,0
BRS3,10,0,5
BSCL2,0,10,0
BSG,10,0,5
BSND,9,1,4
BST1,10,0,5
BST2,10,0,5
BTBD17,0,10,0
BTC,10,0,5
BTD,0,10,0
BTLA,10,0,5
BTN1A1,10,0,5
BTN2A1,9,0,5
BTN2A2,9,0,5
BTN3A1,9,0,5
BTN3A2,10,0,5
BTN3A3,9,0,5
BTNL2,10,0,5
BTNL3,9,0,5
BTNL8,10,0,5
BTNL9,10,0,5
BVES,10,0,5
BX255925.3,0,10,0
C10orf105,0,10,0
C11orf24,0,10,0
C11orf87,0,10,0
C12orf49,0,10,0
C12orf73,0,10,0
C12orf76,0,10,0
C14orf132,0,10,0
C14orf180,0,10,0
C14orf93,0,10,0
C15orf48,0,10,0
C15orf61,0,10,0
C16orf54,0,10,0
C16orf58,0,10,0
C16orf91,0,10,0
C16orf92,0,10,0
C17orf78,0,10,0
C17orf80,0,10,0
C18orf32,0,10,0
C19orf18,0,10,0
C19orf38,0,10,0
C1GALT1,0,10,0
C1QA,2,8,1
C1QTNF2,8,1,4
C1S,3,7,2
C1orf116,0,10,0
C1orf159,0,10,0
C1orf162,0,10,0
C1orf185,0,9,0
C1orf43,0,10,0
C2,4,6,2
C20orf141,0,10,0
C20orf173,0,10,0
C2CD2,0,10,0
C2CD2L,0,10,0
C2orf16,0,10,0
C2orf74,0,10,0
C2orf92,0,10,0
C3,10,0,5
C3AR1,10,0,5
C3orf18,0,10,0
C3orf33,0,10,0
C3orf52,0,10,0
C3orf80,0,10,0
C4A,9,1,4
C4BPA,7,3,3
C4BPB,10,0,5
C4orf3,0,10,0
C5,8,2,4
C5AR1,10,0,5
C5AR2,10,0,5
C5orf15,0,10,0
C6orf120,0,10,0
C6orf47,0,10,0
C6orf89,0,10,0
C8orf58,0,9,0
CA12,10,0,5
CA14,7,3,3
CA4,10,0,5
CA6,10,0,5
CA9,9,1,4
CABP7,0,10,0
CACFD1,0,10,0
CACHD1,0,10,0
CACNA1A,9,1,4
CACNA1B,10,0,5
CACNA1C,10,0,5
CACNA1D,10,0,5
CACNA1E,9,1,4
CACNA1F,6,4,3
CACNA1G,7,3,3
CACNA1H,7,3,3
CACNA1I,3,7,2
CACNA1S,5,5,3
CACNA2D1,10,0,5
CACNA2D2,9,1,4
CACNG1,10,0,5
CACNG2,9,1,4
CACNG3,9,1,4
CACNG4,10,0,5
CACNG5,8,2,4
CACNG6,9,1,4
CACNG7,9,1,4
CACNG8,10,0,5
CADM1,9,0,5
CADM2,10,0,5
CADM3,10,0,5
CADM4,9,0,5
CALCA,10,0,5
CALCR,10,0,5
CALCRL,10,0,5
CALHM1,10,0,5
CALHM2,6,4,3
CALHM3,8,2,4
CALHM4,6,4,3
CALHM5,6,4,3
CALHM6,5,5,3
CALN1,0,10,0
CALR,10,0,5
CALU,0,10,0
CALY,0,10,0
CAMK2D,0,10,0
CAMLG,0,10,0
CANT1,0,10,0
CANX,0,10,0
CAPNS1,0,10,0
CAPRIN1,0,10,0
CAPZA2,0,10,0
CARD19,0,10,0
CARMIL1,0,9,0
CASC4,0,10,0
CASD1,0,10,0
CASR,10,0,5
CATSPER1,6,4,3
CATSPER2,4,6,2
CATSPER3,3,7,2
CATSPER4,5,5,3
CATSPERB,1,9,1
CATSPERD,3,7,2
CATSPERE,5,5,3
CATSPERG,1,9,1
CAV3,8,1,4
CAVIN1,0,10,0
CBARP,1,9,1
CCDC107,0,10,0
CCDC126,0,10,0
CCDC136,0,10,0
CCDC144A,0,10,0
CCDC155,0,10,0
CCDC163,0,10,0
CCDC167,0,9,0
CCDC168,0,10,0
CCDC188,0,10,0
CCDC194,0,10,0
CCDC197,0,9,0
CCDC47,0,10,0
CCDC51,0,9,0
CCDC62,0,10,0
CCDC80,2,8,1
CCDC90B,0,9,0
CCKAR,10,0,5
CCKBR,10,0,5
CCL11,9,0,5
CCL2,8,2,4
CCL24,10,0,5
CCL5,10,0,5
CCNYL1,0,10,0
CCPG1,0,10,0
CCR1,10,0,5
CCR10,10,0,5
CCR2,10,0,5
CCR3,10,0,5
CCR4,10,0,5
CCR5,10,0,5
CCR6,10,0,5
CCR7,10,0,5
CCR8,10,0,5
CCR9,10,0,5
CCRL2,10,0,5
CD101,10,0,5
CD109,10,0,5
CD14,10,0,5
CD151,10,0,5
CD160,10,0,5
CD163,10,0,5
CD163L1,10,0,5
CD164,10,0,5
CD164L2,7,3,3
CD177,10,0,5
CD180,10,0,5
CD19,10,0,5
CD1A,10,0,5
CD1B,10,0,5
CD1C,9,0,5
CD1D,10,0,5
CD1E,10,0,5
CD2,10,0,5
CD200,10,0,5
CD200R1,10,0,5
CD200R1L,10,0,5
CD207,10,0,5
CD209,10,0,5
CD22,10,0,5
CD226,10,0,5
CD24,10,0,5
CD244,10,0,5
CD247,9,0,5
CD248,10,0,5
CD27,10,0,5
CD274,10,0,5
CD276,10,0,5
CD28,10,0,5
CD2AP,0,10,0
CD300A,10,0,5
CD300C,10,0,5
CD300E,10,0,5
CD300LB,10,0,5
CD300LD,10,0,5
CD300LF,10,0,5
CD300LG,10,0,5
CD302,10,0,5
CD320,10,0,5
CD33,9,0,5
CD34,10,0,5
CD36,10,0,5
CD37,10,0,5
CD38,10,0,5
CD3D,10,0,5
CD3E,10,0,5
CD3G,10,0,5
CD4,10,0,5
CD40,9,0,5
CD40LG,10,0,5
CD44,10,0,5
CD46,10,0,5
CD47,10,0,5
CD48,9,0,5
CD5,10,0,5
CD52,10,0,5
CD53,10,0,5
CD55,10,0,5
CD58,9,0,5
CD59,10,0,5
CD6,10,0,5
CD63,10,0,5
CD68,9,1,4
CD69,9,0,5
CD7,10,0,5
CD70,10,0,5
CD72,9,0,5
CD74,10,0,5
CD79A,10,0,5
CD79B,10,0,5
CD80,10,0,5
CD81,10,0,5
CD82,10,0,5
CD83,10,0,5
CD84,10,0,5
CD86,10,0,5
CD8A,10,0,5
CD8B,10,0,5
CD8B2,9,1,4
CD9,10,0,5
CD93,10,0,5
CD96,10,0,5
CD99,10,0,5
CD99L2,10,0,5
CDC42EP1,0,10,0
CDCP1,10,0,5
CDCP2,10,0,5
CDH1,10,0,5
CDH10,10,0,5
CDH11,10,0,5
CDH12,10,0,5
CDH13,10,0,5
CDH15,10,0,5
CDH16,10,0,5
CDH17,10,0,5
CDH18,10,0,5
CDH19,10,0,5
CDH2,10,0,5
CDH20,10,0,5
CDH22,10,0,5
CDH23,10,0,5
CDH24,10,0,5
CDH26,10,0,5
CDH3,10,0,5
CDH4,10,0,5
CDH5,10,0,5
CDH6,10,0,5
CDH7,10,0,5
CDH8,10,0,5
CDH9,10,0,5
CDHR1,10,0,5
CDHR2,10,0,5
CDHR3,10,0,5
CDHR4,10,0,5
CDHR5,10,0,5
CDIPT,0,10,0
CDKAL1,0,10,0
CDON,10,0,5
CDRT15L2,0,9,0
CDS1,0,10,0
CDS2,0,10,0
CDSN,10,0,5
CEACAM1,10,0,5
CEACAM19,10,0,5
CEACAM20,10,0,5
CEACAM21,9,0,5
CEACAM3,10,0,5
CEACAM4,10,0,5
CEACAM5,10,0,5
CEACAM6,10,0,5
CEACAM7,10,0,5
CEACAM8,10,0,5
CEBPZOS,0,10,0
CEL,0,10,0
CELSR1,10,0,5
CELSR2,10,0,5
CELSR3,10,0,5
CEMIP2,9,1,4
CEND1,0,10,0
CEP290,0,8,0
CEP55,0,10,0
CEPT1,0,10,0
CERS1,0,10,0
CERS2,0,9,0
CERS3,0,10,0
CERS4,0,10,0
CERS5,0,10,0
CERS6,0,10,0
CES2,0,10,0
CFB,9,1,4
CFC1,0,10,0
CFD,5,5,3
CFH,9,1,4
CFTR,10,0,5
CGN,9,1,4
CGREF1,0,10,0
CGRRF1,0,10,0
CH25H,0,10,0
CHGA,0,10,0
CHIC2,0,10,0
CHL1,10,0,5
CHML,0,9,0
CHODL,10,0,5
CHPF,0,10,0
CHPF2,0,10,0
CHPT1,0,10,0
CHRFAM7A,7,3,3
CHRM1,10,0,5
CHRM2,9,1,4
CHRM3,10,0,5
CHRM4,10,0,5
CHRM5,10,0,5
CHRNA1,10,0,5
CHRNA10,10,0,5
CHRNA2,10,0,5
CHRNA3,10,0,5
CHRNA4,10,0,5
CHRNA5,10,0,5
CHRNA6,10,0,5
CHRNA7,10,0,5
CHRNA9,10,0,5
CHRNB1,10,0,5
CHRNB2,10,0,5
CHRNB3,10,0,5
CHRNB4,10,0,5
CHRND,9,0,5
CHRNE,10,0,5
CHRNG,10,0,5
CHST10,0,10,0
CHST11,0,10,0
CHST12,0,9,0
CHST14,0,10,0
CHST15,0,10,0
CHST2,0,10,0
CHST3,0,9,0
CHST4,0,10,0
CHST5,0,10,0
CHST7,0,10,0
CHST8,0,10,0
CHST9,0,10,0
CHSY1,0,10,0
CHSY3,0,10,0
CISD2,0,10,0
CKAP4,10,0,5
CKLF,10,0,5
CLCA2,10,0,5
CLCC1,0,10,0
CLCN1,3,7,2
CLCN2,5,5,3
CLCN3,1,9,1
CLCN4,2,8,1
CLCN5,1,9,1
CLCN6,0,10,0
CLCN7,0,10,0
CLCNKA,10,0,5
CLCNKB,6,4,3
CLDN1,10,0,5
CLDN10,10,0,5
CLDN11,10,0,5
CLDN12,10,0,5
CLDN14,10,0,5
CLDN15,10,0,5
CLDN16,9,0,5
CLDN17,10,0,5
CLDN18,10,0,5
CLDN19,10,0,5
CLDN2,10,0,5
CLDN20,10,0,5
CLDN22,10,0,5
CLDN23,10,0,5
CLDN24,9,0,5
CLDN25,10,0,5
CLDN3,10,0,5
CLDN34,10,0,5
CLDN4,10,0,5
CLDN5,10,0,5
CLDN6,10,0,5
CLDN7,10,0,5
CLDN8,9,0,5
CLDN9,10,0,5
CLDND1,9,0,5
CLDND2,5,4,3
CLEC10A,10,0,5
CLEC12A,10,0,5
CLEC12B,10,0,5
CLEC14A,10,0,5
CLEC17A,8,2,4
CLEC1A,10,0,5
CLEC1B,10,0,5
CLEC2A,9,0,5
CLEC2D,10,0,5
CLEC2L,10,0,5
CLEC4A,10,0,5
CLEC4C,10,0,5
CLEC4D,10,0,5
CLEC4E,10,0,5
CLEC4F,10,0,5
CLEC4G,10,0,5
CLEC4M,9,0,5
CLEC5A,10,0,5
CLEC6A,9,0,5
CLEC7A,10,0,5
CLEC9A,10,0,5
CLGN,4,6,2
CLMN,1,9,1
CLMP,10,0,5
CLN3,0,10,0
CLN6,0,10,0
CLN8,0,10,0
CLPTM1,1,9,1
CLPTM1L,2,8,1
CLRN1,8,2,4
CLRN2,5,5,3
CLRN3,5,4,3
CLSTN1,9,1,4
CLSTN2,6,4,3
CLSTN3,8,2,4
CLTRN,8,2,4
CLU,8,2,4
CMKLR1,10,0,5
CMTM1,1,9,1
CMTM2,1,9,1
CMTM3,1,9,1
CMTM4,5,5,3
CMTM5,1,9,1
CMTM6,9,1,4
CMTM7,2,8,1
CMTM8,2,8,1
CMYA5,0,10,0
CNEP1R1,0,10,0
CNGA1,2,8,1
CNGA2,7,3,3
CNGA3,4,6,2
CNGA4,4,6,2
CNGB1,1,9,1
CNGB3,7,3,3
CNIH1,10,0,5
CNIH2,9,0,5
CNIH3,10,0,5
CNIH4,9,1,4
CNKSR2,0,9,0
CNMD,0,10,0
CNNM1,3,7,2
CNNM2,5,5,3
CNNM3,3,7,2
CNNM4,6,4,3
CNR1,10,0,5
CNR2,10,0,5
CNST,0,10,0
CNTFR,10,0,5
CNTN1,10,0,5
CNTN2,10,0,5
CNTN3,10,0,5
CNTN4,10,0,5
CNTN5,10,0,5
CNTN6,10,0,5
CNTNAP1,10,0,5
CNTNAP2,10,0,5
CNTNAP3,10,0,5
CNTNAP3B,9,1,4
CNTNAP4,10,0,5
CNTNAP5,10,0,5
COA1,0,10,0
COA3,0,10,0
COL11A1,1,8,1
COL12A1,5,5,3
COL13A1,3,7,2
COL14A1,0,10,0
COL17A1,10,0,5
COL1A1,2,8,1
COL1A2,0,10,0
COL23A1,0,10,0
COL25A1,1,9,1
COL2A1,1,9,1
COL3A1,1,9,1
COL5A1,0,9,0
COL5A2,0,9,0
COL5A3,2,8,1
COL6A1,5,5,3
COL6A2,5,5,3
COL6A3,6,4,3
COL6A6,3,7,2
COL7A1,1,9,1
COLEC12,10,0,5
COLQ,4,6,2
COMT,0,10,0
COPRS,0,10,0
COQ2,0,10,0
COQ8B,0,10,0
CORIN,10,0,5
COX10,0,10,0
COX11,0,10,0
COX14,0,10,0
COX15,0,10,0
COX16,0,10,0
COX18,0,10,0
COX20,0,10,0
COX4I1,0,9,0
COX4I2,0,10,0
COX6A1,0,10,0
COX6A2,0,10,0
COX6C,0,10,0
COX7A1,0,10,0
COX7A2,0,9,0
COX7A2L,0,10,0
COX7B,0,10,0
COX7B2,0,10,0
COX7C,0,10,0
COX8A,0,10,0
COX8C,0,10,0
CP,5,4,3
CPAMD8,0,10,0
CPD,2,8,1
CPED1,0,10,0
CPM,9,1,4
CPPED1,0,10,0
CPT1A,0,10,0
CPT1B,0,10,0
CPT1C,0,10,0
CPZ,0,10,0
CR1,10,0,5
CR2,10,0,5
CRB1,9,1,4
CRB2,10,0,5
CRB3,10,0,5
CRCP,0,10,0
CREB3,0,10,0
CREB3L1,0,10,0
CREB3L2,0,10,0
CREB3L3,0,10,0
CREB3L4,0,10,0
CREG1,9,1,4
CRELD1,4,6,2
CRELD2,1,9,1
CRHR1,10,0,5
CRHR2,10,0,5
CRIM1,3,6,2
CRLF2,10,0,5
CRLF3,9,1,4
CRLS1,0,10,0
CROCC,0,10,0
CRTAM,10,0,5
CRTAP,0,10,0
CRTC1,0,10,0
CSDE1,0,10,0
CSF1,9,1,4
CSF1R,10,0,5
CSF2,8,2,4
CSF2RA,10,0,5
CSF2RB,10,0,5
CSF3,3,7,2
CSF3R,10,0,5
CSGALNACT1,0,10,0
CSGALNACT2,0,10,0
CSMD1,8,2,4
CSMD2,9,1,4
CSMD3,10,0,5
CSPG4,10,0,5
CSPG5,9,1,4
CSPP1,0,10,0
CT83,0,10,0
CTAGE1,0,10,0
CTAGE15,0,9,0
CTAGE4,0,10,0
CTAGE6,0,10,0
CTAGE8,0,10,0
CTAGE9,0,10,0
CTLA4,10,0,5
CTNNA1,0,10,0
CTNNB1,0,10,0
CTNND1,0,9,0
CTNND2,0,9,0
CTNS,2,8,1
CTSD,0,10,0
CTXN1,5,5,3
CTXN2,6,4,3
CTXN3,1,9,1
CTXND1,1,7,1
CTXND2,0,9,0
CUX1,0,10,0
CUZD1,3,7,2
CWH43,0,10,0
CX3CL1,10,0,5
CX3CR1,10,0,5
CXADR,10,0,5
CXCL10,10,0,5
CXCL16,10,0,5
CXCL8,9,1,4
CXCR1,10,0,5
CXCR2,10,0,5
CXCR3,10,0,5
CXCR4,10,0,5
CXCR5,10,0,5
CXCR6,10,0,5
CXorf66,0,10,0
CYB561,0,10,0
CYB561A3,0,10,0
CYB561D1,0,10,0
CYB561D2,0,10,0
CYB5A,0,9,0
CYB5B,0,10,0
CYB5D2,0,10,0
CYBA,1,9,1
CYBB,0,10,0
CYBC1,0,10,0
CYBRD1,4,6,2
CYC1,0,10,0
CYHR1,0,10,0
CYP19A1,0,10,0
CYP1A1,0,10,0
CYP1A2,0,10,0
CYP20A1,0,10,0
CYP21A2,0,10,0
CYP26A1,0,10,0
CYP26C1,0,10,0
CYP2A13,0,10,0
CYP2A6,0,10,0
CYP2A7,0,10,0
CYP2C19,0,10,0
CYP2C8,0,10,0
CYP2C9,0,10,0
CYP2D6,0,10,0
CYP2E1,0,10,0
CYP2F1,0,10,0
CYP2J2,0,10,0
CYP2S1,0,10,0
CYP2U1,0,10,0
CYP2W1,0,10,0
CYP39A1,0,10,0
CYP3A4,0,10,0
CYP3A43,0,10,0
CYP3A5,0,9,0
CYP3A7,0,9,0
CYP46A1,0,10,0
CYP4A11,0,10,0
CYP4A22,0,10,0
CYP4B1,0,10,0
CYP4F11,0,10,0
CYP4F12,0,10,0
CYP4F2,0,10,0
CYP4F22,0,10,0
CYP4F3,0,10,0
CYP4F8,0,10,0
CYP4X1,0,9,0
CYP4Z1,0,10,0
CYP7B1,0,9,0
CYP8B1,0,10,0
CYSLTR1,10,0,5
CYSLTR2,10,0,5
CYTH1,0,10,0
CYYR1,2,8,1
DAD1,0,9,0
DAG1,10,0,5
DAGLA,0,10,0
DAGLB,0,10,0
DAPL1,0,10,0
DAW1,0,10,0
DCAKD,0,10,0
DCBLD1,10,0,5
DCBLD2,10,0,5
DCC,10,0,5
DCHS1,10,0,5
DCHS2,10,0,5
DCN,0,10,0
DCST1,6,4,3
DCST2,5,5,3
DCSTAMP,5,5,3
DCT,10,0,5
DDOST,0,10,0
DDR1,10,0,5
DDR2,10,0,5
DDRGK1,0,10,0
DEGS1,0,10,0
DEGS2,0,10,0
DELE1,0,10,0
DERL1,0,10,0
DERL2,0,10,0
DERL3,0,10,0
DEUP1,0,10,0
DEXI,0,10,0
DGAT1,0,8,0
DGAT2,0,10,0
DGAT2L6,0,10,0
DGCR2,0,10,0
DGKE,1,8,1
DHCR24,0,10,0
DHCR7,0,10,0
DHRS13,0,10,0
DHRS7,0,10,0
DHRS7B,0,10,0
DHRS9,0,10,0
DIABLO,0,10,0
DIAPH3,0,10,0
DIO1,0,10,0
DIS3L2,0,10,0
DISP1,4,6,2
DISP2,2,8,1
DISP3,5,4,3
DKK1,5,5,3
DKK3,10,0,5
DLG1,2,8,1
DLG2,3,7,2
DLG5,0,10,0
DLGAP4,0,10,0
DLK1,10,0,5
DLK2,8,1,4
DLL1,10,0,5
DLL3,10,0,5
DLL4,10,0,5
DMAC1,0,10,0
DMXL2,0,10,0
DNAJB12,0,10,0
DNAJB14,0,10,0
DNAJB4,0,10,0
DNAJC1,0,10,0
DNAJC11,0,10,0
DNAJC15,0,10,0
DNAJC16,0,10,0
DNAJC18,0,10,0
DNAJC22,0,10,0
DNAJC25,0,10,0
DNAJC3,0,10,0
DNAJC30,0,10,0
DNAJC4,0,10,0
DNAJC5,0,10,0
DNAJC5B,0,10,0
DNAJC5G,0,9,0
DNER,10,0,5
DOCK1,0,10,0
DOK5,0,10,0
DOLK,0,9,0
DOLPP1,0,10,0
DPAGT1,0,10,0
DPCD,9,1,4
DPEP1,10,0,5
DPEP2,8,2,4
DPEP3,8,1,4
DPM2,0,10,0
DPM3,0,10,0
DPP10,9,1,4
DPP4,10,0,5
DPP6,10,0,5
DPP7,2,8,1
DPP9,2,8,1
DPY19L2,0,10,0
DPY19L3,1,9,1
DPY19L4,0,10,0
DRAM1,0,10,0
DRAM2,0,10,0
DRD1,9,0,5
DRD2,9,1,4
DRD3,10,0,5
DRD4,10,0,5
DRD5,7,3,3
DSC1,10,0,5
DSC2,10,0,5
DSC3,10,0,5
DSCAM,8,2,4
DSCAML1,9,1,4
DSE,6,4,3
DSEL,9,1,4
DSG1,10,0,5
DSG2,9,0,5
DSG3,10,0,5
DSG4,10,0,5
DSP,2,8,1
DST,0,10,0
DTNA,10,0,5
DUOX1,7,3,3
DUOX2,7,3,3
DUOXA1,0,10,0
DUOXA2,0,10,0
DYNAP,0,10,0
DYNC2H1,0,10,0
DYRK2,0,10,0
DYSF,9,0,5
EBP,0,9,0
EBPL,0,10,0
ECE1,9,1,4
ECE2,1,9,1
ECEL1,5,5,3
ECM2,2,8,1
ECSCR,6,4,3
EDA,9,0,5
EDA2R,10,0,5
EDAR,10,0,5
EDIL3,10,0,5
EDNRA,10,0,5
EDNRB,10,0,5
EDRF1,0,10,0
EFCAB14,0,10,0
EFEMP1,2,8,1
EFL1,0,10,0
EFNA1,9,0,5
EFNA2,10,0,5
EFNA3,10,0,5
EFNA4,10,0,5
EFNA5,10,0,5
EFNB1,10,0,5
EFNB2,10,0,5
EFNB3,10,0,5
EFR3A,0,10,0
EFR3B,0,10,0
EGF,10,0,5
EGFL7,4,6,2
EGFR,10,0,5
EHBP1L1,0,10,0
EHD3,0,10,0
EHD4,0,10,0
EHMT1,0,10,0
EI24,0,10,0
EIF2AK3,0,10,0
ELFN1,7,3,3
ELFN2,4,6,2
ELOVL1,0,10,0
ELOVL2,0,10,0
ELOVL3,0,9,0
ELOVL4,0,10,0
ELOVL5,0,10,0
ELOVL6,0,10,0
ELOVL7,0,10,0
EMB,0,10,0
EMC1,0,10,0
EMC10,0,10,0
EMC3,0,10,0
EMC4,0,9,0
EMC6,0,10,0
EMC7,0,10,0
EMCN,10,0,5
EMD,0,10,0
EMILIN1,4,6,2
EMILIN2,1,9,1
EMP1,10,0,5
EMP2,10,0,5
EMP3,10,0,5
ENAH,0,10,0
ENAM,1,9,1
ENG,10,0,5
ENHO,1,9,1
ENO1,10,0,5
ENOX1,10,0,5
ENOX2,9,1,4
ENPEP,10,0,5
ENPP1,10,0,5
ENPP3,10,0,5
ENPP4,8,2,4
ENPP5,9,1,4
ENPP6,10,0,5
ENTPD1,10,0,5
ENTPD2,10,0,5
ENTPD3,10,0,5
ENTPD4,10,0,5
ENTPD6,4,6,2
ENTPD7,10,0,5
ENTPD8,6,3,3
EPB41,1,9,1
EPB41L1,2,8,1
EPB41L2,2,8,1
EPB41L3,3,7,2
EPB41L4A,5,5,3
EPB41L4B,1,9,1
EPB41L5,1,9,1
EPCAM,10,0,5
EPDR1,0,10,0
EPGN,10,0,5
EPHA1,10,0,5
EPHA10,10,0,5
EPHA2,10,0,5
EPHA3,10,0,5
EPHA4,10,0,5
EPHA5,10,0,5
EPHA6,10,0,5
EPHA7,10,0,5
EPHA8,10,0,5
EPHB1,10,0,5
EPHB2,10,0,5
EPHB3,10,0,5
EPHB4,10,0,5
EPHB6,10,0,5
EPHX1,0,10,0
EPN1,0,10,0
EPOR,10,0,5
EPSTI1,0,10,0
EQTN,0,10,0
ERBB2,10,0,5
ERBB3,10,0,5
ERBB4,10,0,5
ERBIN,4,6,2
EREG,9,1,4
ERG28,0,10,0
ERGIC1,0,10,0
ERGIC2,0,10,0
ERGIC3,0,10,0
ERLIN1,0,10,0
ERMAP,10,0,5
ERMN,0,10,0
ERMP1,0,10,0
ERN1,0,10,0
ERN2,0,10,0
ERVFRD-1,0,10,0
ERVMER34-1,0,10,0
ERVV-2,1,9,1
ERVW-1,6,4,3
ESAM,10,0,5
ESYT1,0,10,0
ESYT2,0,10,0
ESYT3,0,10,0
ETNK1,0,10,0
ETNK2,0,10,0
EVA1A,3,7,2
EVA1B,3,7,2
EVA1C,2,8,1
EVC,0,10,0
EVC2,0,10,0
EVI2A,10,0,5
EVI2B,10,0,5
EXOC1,0,10,0
EXOC3,0,10,0
EXOC7,0,10,0
EXOG,0,10,0
EXT2,0,10,0
EXTL1,2,8,1
EXTL2,1,9,1
EXTL3,1,9,1
EZR,0,9,0
F10,3,7,2
F11,6,4,3
F11R,10,0,5
F12,7,3,3
F13A1,0,10,0
F2,6,4,3
F2R,10,0,5
F2RL1,10,0,5
F2RL2,10,0,5
F2RL3,10,0,5
F3,10,0,5
F5,4,6,2
F7,1,9,1
F8,2,8,1
F9,0,8,0
FA2H,0,10,0
FAAH,1,9,1
FADS1,0,10,0
FADS2,0,10,0
FADS3,0,10,0
FADS6,0,10,0
FAIM,1,8,1
FAIM2,2,8,1
FAM126B,0,10,0
FAM149B1,0,10,0
FAM151A,0,10,0
FAM155A,0,10,0
FAM155B,0,10,0
FAM160A2,0,10,0
FAM162A,0,10,0
FAM162B,0,10,0
FAM163A,0,10,0
FAM163B,0,10,0
FAM171A1,0,10,0
FAM171A2,0,10,0
FAM171B,0,10,0
FAM174A,0,10,0
FAM174B,0,10,0
FAM187A,0,10,0
FAM187B,0,10,0
FAM189A1,0,9,0
FAM189A2,0,10,0
FAM189B,0,10,0
FAM205A,0,10,0
FAM205C,0,9,0
FAM209A,0,10,0
FAM209B,0,9,0
FAM20A,1,9,1
FAM20C,0,10,0
FAM210A,0,10,0
FAM210B,0,10,0
FAM234A,0,10,0
FAM234B,0,10,0
FAM241A,0,10,0
FAM241B,0,10,0
FAM24A,0,10,0
FAM24B,0,10,0
FAM3A,4,6,2
FAM3B,7,3,3
FAM3D,2,8,1
FAM8A1,0,9,0
FAM9C,0,10,0
FAP,10,0,5
FAR2,0,10,0
FAS,10,0,5
FASLG,9,0,5
FAT1,10,0,5
FAT2,10,0,5
FAT3,10,0,5
FAT4,10,0,5
FATE1,7,3,3
FAXDC2,0,10,0
FBLIM1,0,10,0
FBLN2,4,6,2
FBN1,2,8,1
FBN2,0,10,0
FCAMR,10,0,5
FCAR,9,0,5
FCER1A,10,0,5
FCER1G,10,0,5
FCER2,10,0,5
FCGR1A,10,0,5
FCGR1B,10,0,5
FCGR2A,10,0,5
FCGR2B,10,0,5
FCGR3A,10,0,5
FCGR3B,10,0,5
FCGRT,9,0,5
FCMR,10,0,5
FCRL1,10,0,5
FCRL2,10,0,5
FCRL3,10,0,5
FCRL4,10,0,5
FCRL5,10,0,5
FCRL6,10,0,5
FER1L5,0,10,0
FER1L6,0,10,0
FERMT2,5,5,3
FFAR1,10,0,5
FFAR2,10,0,5
FFAR3,10,0,5
FFAR4,10,0,5
FGA,1,9,1
FGB,1,9,1
FGD1,0,10,0
FGD5,1,9,1
FGF2,6,4,3
FGF23,5,5,3
FGFR1,10,0,5
FGFR2,10,0,5
FGFR3,10,0,5
FGFR4,10,0,5
FGFRL1,10,0,5
FGL2,10,0,5
FGR,2,8,1
FIBCD1,10,0,5
FICD,0,10,0
FITM1,0,10,0
FITM2,0,10,0
FKBP11,0,10,0
FKRP,0,10,0
FKTN,4,6,2
FLCN,0,10,0
FLNA,0,10,0
FLNB,0,10,0
FLOT1,10,0,5
FLRT1,10,0,5
FLRT2,9,0,5
FLRT3,10,0,5
FLT1,10,0,5
FLT3,10,0,5
FLT3LG,10,0,5
FLT4,10,0,5
FLVCR1,7,3,3
FLVCR2,7,3,3
FMO1,0,10,0
FMO2,0,10,0
FMO3,0,10,0
FMO5,0,10,0
FMR1NB,0,10,0
FN1,10,0,5
FNDC1,0,9,0
FNDC10,0,10,0
FNDC3A,0,10,0
FNDC3B,0,10,0
FNDC4,0,9,0
FNDC5,5,4,3
FNDC9,0,10,0
FO681492.1,0,10,0
FOLH1,9,0,5
FOLR1,10,0,5
FOLR2,10,0,5
FOSL1,0,10,0
FP565260.3,0,10,0
FPR1,10,0,5
FPR2,10,0,5
FPR3,10,0,5
FRAS1,2,8,1
FREM2,3,7,2
FRMD3,0,10,0
FRMD5,1,9,1
FRRS1,0,10,0
FRS2,0,10,0
FSHR,10,0,5
FSTL1,8,2,4
FTH1,0,10,0
FTO,0,10,0
FUNDC1,0,10,0
FUNDC2,0,10,0
FURIN,7,3,3
FUT1,6,4,3
FUT10,1,9,1
FUT2,3,7,2
FUT3,2,8,1
FUT4,7,3,3
FUT5,5,5,3
FUT6,2,8,1
FUT8,1,9,1
FUT9,5,5,3
FXYD1,10,0,5
FXYD2,10,0,5
FXYD3,10,0,5
FXYD4,10,0,5
FXYD5,10,0,5
FXYD6,10,0,5
FXYD7,10,0,5
FYB1,0,10,0
FYN,9,1,4
FZD1,10,0,5
FZD10,10,0,5
FZD2,10,0,5
FZD3,10,0,5
FZD4,10,0,5
FZD5,10,0,5
FZD6,10,0,5
FZD7,10,0,5
FZD8,10,0,5
FZD9,10,0,5
G0S2,0,10,0
G6PC,0,10,0
G6PC2,0,10,0
G6PC3,0,10,0
GAA,0,10,0
GAB1,0,9,0
GAB2,0,10,0
GABARAPL1,0,10,0
GABBR1,9,1,4
GABBR2,10,0,5
GABRA1,9,1,4
GABRA2,8,2,4
GABRA3,9,1,4
GABRA4,7,3,3
GABRA5,8,2,4
GABRA6,8,2,4
GABRB1,10,0,5
GABRB2,10,0,5
GABRB3,9,1,4
GABRD,9,1,4
GABRE,10,0,5
GABRG1,10,0,5
GABRG2,9,1,4
GABRG3,10,0,5
GABRP,10,0,5
GABRQ,10,0,5
GABRR1,7,3,3
GABRR2,9,1,4
GABRR3,8,2,4
GAL3ST1,0,10,0
GAL3ST2,0,10,0
GAL3ST3,0,10,0
GAL3ST4,0,10,0
GALNT1,0,10,0
GALNT10,0,10,0
GALNT11,0,10,0
GALNT12,0,10,0
GALNT13,2,7,1
GALNT14,0,10,0
GALNT15,2,8,1
GALNT16,0,10,0
GALNT17,0,10,0
GALNT18,0,10,0
GALNT2,2,8,1
GALNT3,0,10,0
GALNT4,0,10,0
GALNT5,0,10,0
GALNT6,0,10,0
GALNT7,0,10,0
GALNT8,0,10,0
GALNT9,0,10,0
GALNTL5,0,10,0
GALNTL6,0,10,0
GALR1,10,0,5
GALR2,9,1,4
GALR3,10,0,5
GAP43,6,4,3
GAPT,0,10,0
GAS1,9,0,5
GBGT1,4,6,2
GCC1,0,10,0
GCGR,10,0,5
GCNT1,0,10,0
GCNT2,1,9,1
GCNT4,0,10,0
GCNT7,0,10,0
GCSAML-AS1,0,10,0
GDE1,6,4,3
GDF15,2,8,1
GDF2,2,8,1
GDPD1,0,10,0
GDPD2,0,9,0
GDPD4,0,10,0
GDPD5,0,10,0
GFRA1,10,0,5
GFRA2,10,0,5
GFRA3,10,0,5
GFRA4,10,0,5
GFRAL,9,0,5
GFY,0,10,0
GGCX,0,10,0
GGT1,10,0,5
GGT2,10,0,5
GGT5,9,1,4
GGT6,9,1,4
GGT7,9,1,4
GHITM,0,10,0
GHR,10,0,5
GHRHR,8,2,4
GHSR,10,0,5
GIMAP1,0,10,0
GIMAP5,0,10,0
GINM1,0,10,0
GIPR,10,0,5
GIT1,0,9,0
GJA1,10,0,5
GJA10,10,0,5
GJA3,10,0,5
GJA4,10,0,5
GJA5,10,0,5
GJA8,9,1,4
GJA9,10,0,5
GJB1,10,0,5
GJB2,10,0,5
GJB3,10,0,5
GJB4,10,0,5
GJB5,10,0,5
GJB6,10,0,5
GJB7,10,0,5
GJC1,10,0,5
GJC2,8,2,4
GJC3,10,0,5
GJD2,9,1,4
GJD3,10,0,5
GJD4,10,0,5
GJE1,6,4,3
GK,0,10,0
GK2,0,10,0
GLCE,0,10,0
GLDN,0,9,0
GLG1,1,9,1
GLIPR1,0,10,0
GLIPR1L2,0,10,0
GLMP,0,10,0
GLP1R,10,0,5
GLP2R,9,0,5
GLRA1,9,1,4
GLRA2,5,5,3
GLRA3,6,4,3
GLRA4,4,6,2
GLRB,8,0,5
GLT8D2,0,9,0
GLTPD2,0,10,0
GML,9,1,4
GNB1,0,10,0
GNB2,0,10,0
GNB4,0,10,0
GNG2,2,8,1
GNPTAB,0,10,0
GNPTG,0,10,0
GNRHR,8,1,4
GOLGA5,0,10,0
GOLGB1,0,10,0
GOLIM4,0,10,0
GOLM1,0,10,0
GOLT1A,0,10,0
GOLT1B,0,10,0
GOSR1,0,10,0
GOSR2,0,10,0
GP1BA,10,0,5
GP1BB,10,0,5
GP2,9,1,4
GP5,10,0,5
GP6,10,0,5
GP9,10,0,5
GPA33,10,0,5
GPAA1,0,10,0
GPAT3,0,10,0
GPAT4,0,10,0
GPBAR1,10,0,5
GPC1,10,0,5
GPC2,10,0,5
GPC3,10,0,5
GPC4,10,0,5
GPC5,10,0,5
GPC6,10,0,5
GPER1,10,0,5
GPI,5,5,3
GPIHBP1,10,0,5
GPM6A,10,0,5
GPM6B,10,0,5
GPNMB,10,0,5
GPR1,10,0,5
GPR101,10,0,5
GPR107,9,1,4
GPR108,10,0,5
GPR119,10,0,5
GPR12,9,0,5
GPR132,10,0,5
GPR135,10,0,5
GPR137,10,0,5
GPR137B,10,0,5
GPR137C,8,2,4
GPR139,10,0,5
GPR141,10,0,5
GPR142,10,0,5
GPR143,8,2,4
GPR146,10,0,5
GPR148,10,0,5
GPR149,9,1,4
GPR15,10,0,5
GPR150,10,0,5
GPR151,10,0,5
GPR152,10,0,5
GPR153,10,0,5
GPR155,10,0,5
GPR156,9,1,4
GPR157,9,1,4
GPR158,10,0,5
GPR160,10,0,5
GPR161,10,0,5
GPR162,10,0,5
GPR17,10,0,5
GPR171,10,0,5
GPR173,10,0,5
GPR174,10,0,5
GPR176,10,0,5
GPR179,8,2,4
GPR18,10,0,5
GPR180,10,0,5
GPR182,10,0,5
GPR183,10,0,5
GPR19,10,0,5
GPR20,10,0,5
GPR21,10,0,5
GPR22,10,0,5
GPR25,9,0,5
GPR26,10,0,5
GPR27,9,1,4
GPR3,10,0,5
GPR31,10,0,5
GPR32,10,0,5
GPR33,10,0,5
GPR34,10,0,5
GPR35,10,0,5
GPR37,9,1,4
GPR37L1,8,0,5
GPR39,10,0,5
GPR4,10,0,5
GPR42,10,0,5
GPR45,9,1,4
GPR50,10,0,5
GPR52,10,0,5
GPR55,10,0,5
GPR6,10,0,5
GPR61,10,0,5
GPR62,10,0,5
GPR63,10,0,5
GPR65,10,0,5
GPR68,10,0,5
GPR75,10,0,5
GPR78,10,0,5
GPR82,9,0,5
GPR83,10,0,5
GPR84,10,0,5
GPR85,10,0,5
GPR87,10,0,5
GPR88,10,0,5
GPR89A,9,1,4
GPR89B,9,1,4
GPRC5A,10,0,5
GPRC5B,10,0,5
GPRC5C,10,0,5
GPRC5D,10,0,5
GPRC6A,10,0,5
GPX8,0,10,0
GRAMD1A,0,10,0
GRAMD1B,0,10,0
GRAMD1C,0,10,0
GRAMD2A,0,10,0
GRAMD2B,0,10,0
GRAMD4,0,10,0
GRAP2,0,10,0
GRB2,0,10,0
GREM1,1,9,1
GRIA1,10,0,5
GRIA2,10,0,5
GRIA3,10,0,5
GRIA4,10,0,5
GRID1,8,2,4
GRID2,10,0,5
GRIK1,8,2,4
GRIK2,9,1,4
GRIK3,9,1,4
GRIK4,9,1,4
GRIK5,10,0,5
GRIN1,10,0,5
GRIN2A,10,0,5
GRIN2B,10,0,5
GRIN2C,9,1,4
GRIN2D,8,2,4
GRIN3A,9,1,4
GRIN3B,9,1,4
GRINA,10,0,5
GRK3,0,10,0
GRM1,10,0,5
GRM2,10,0,5
GRM3,9,1,4
GRM4,10,0,5
GRM5,10,0,5
GRM6,9,1,4
GRM7,10,0,5
GRM8,10,0,5
GRN,3,7,2
GRPR,10,0,5
GSDMA,0,10,0
GSG1,0,10,0
GSG1L,8,2,4
GSG1L2,7,3,3
GSN,5,5,3
GUCY2C,10,0,5
GUCY2D,1,8,1
GUCY2F,1,9,1
GYPA,10,0,5
GYPB,10,0,5
GYPC,10,0,5
GYPE,10,0,5
H6PD,0,10,0
HACD1,0,10,0
HACD2,0,10,0
HACD3,0,10,0
HACD4,0,10,0
HAMP,0,10,0
HAS1,0,10,0
HAS2,0,10,0
HAS3,0,10,0
HAVCR1,10,0,5
HAVCR2,10,0,5
HBEGF,10,0,5
HCAR1,10,0,5
HCAR2,10,0,5
HCAR3,10,0,5
HCK,2,8,1
HCLS1,0,10,0
HCN1,5,5,3
HCN2,10,0,5
HCN3,9,1,4
HCN4,9,1,4
HCRTR1,10,0,5
HCRTR2,10,0,5
HCST,10,0,5
HDAC11,0,10,0
HDAC6,0,10,0
HEG1,8,1,4
HEPACAM,10,0,5
HEPACAM2,10,0,5
HEPH,3,7,2
HEPHL1,0,10,0
HERPUD1,0,10,0
HERPUD2,0,10,0
HES6,0,10,0
HFE,10,0,5
HGF,10,0,5
HGSNAT,0,10,0
HHAT,1,9,1
HHATL,0,10,0
HHIP,8,2,4
HHLA2,10,0,5
HIGD1A,0,10,0
HIGD1B,0,10,0
HIGD1C,0,10,0
HIGD2A,0,10,0
HIGD2B,0,10,0
HIST1H1A,0,10,0
HJV,10,0,5
HLA-A,10,0,5
HLA-B,10,0,5
HLA-C,10,0,5
HLA-DMA,10,0,5
HLA-DMB,0,10,0
HLA-DOA,5,5,3
HLA-DOB,5,5,3
HLA-DPA1,10,0,5
HLA-DPB1,10,0,5
HLA-DQA1,10,0,5
HLA-DQA2,9,1,4
HLA-DQB1,10,0,5
HLA-DQB2,9,1,4
HLA-DRA,10,0,5
HLA-DRB1,10,0,5
HLA-DRB5,10,0,5
HLA-E,10,0,5
HLA-F,10,0,5
HLA-G,10,0,5
HM13,1,9,1
HMCN1,5,4,3
HMGCR,0,10,0
HMOX1,0,10,0
HMOX2,0,9,0
HNRNPK,0,10,0
HP,7,1,4
HPN,10,0,5
HPX,8,2,4
HRCT1,0,10,0
HRH1,9,1,4
HRH2,10,0,5
HRH3,9,1,4
HRH4,10,0,5
HRK,0,10,0
HS2ST1,0,10,0
HS3ST2,1,9,1
HS3ST3A1,0,10,0
HS3ST3B1,0,10,0
HS3ST4,0,10,0
HS6ST1,0,10,0
HS6ST2,1,9,1
HS6ST3,1,9,1
HSD11B1L,0,10,0
HSD11B2,0,10,0
HSD17B12,0,9,0
HSD17B2,0,10,0
HSD17B3,0,10,0
HSD17B6,0,10,0
HSDL1,0,10,0
HSP90AA1,2,8,1
HSP90B1,0,10,0
HSPA5,0,10,0
HSPG2,9,0,5
HSPG3,1,0,5
HTR1A,10,0,5
HTR1B,10,0,5
HTR1D,10,0,5
HTR1E,10,0,5
HTR1F,10,0,5
HTR2A,10,0,5
HTR2B,10,0,5
HTR2C,10,0,5
HTR3A,10,0,5
HTR3B,10,0,5
HTR3C,10,0,5
HTR3D,10,0,5
HTR3E,10,0,5
HTR4,10,0,5
HTR5A,8,2,4
HTR6,10,0,5
HTR7,9,1,4
HTRA1,0,10,0
HTRA2,0,10,0
HVCN1,10,0,5
HYAL2,10,0,5
ICAM1,10,0,5
ICAM2,10,0,5
ICAM3,10,0,5
ICAM4,10,0,5
ICAM5,10,0,5
ICMT,0,10,0
ICOS,10,0,5
ICOSLG,10,0,5
IER3,0,10,0
IER3IP1,0,9,0
IFI27,0,10,0
IFI27L2,0,10,0
IFI30,2,8,1
IFITM1,10,0,5
IFITM10,10,0,5
IFITM2,10,0,5
IFITM3,10,0,5
IFITM5,10,0,5
IFNA1,0,10,0
IFNAR1,10,0,5
IFNAR2,10,0,5
IFNB1,0,10,0
IFNG,0,9,0
IFNGR1,10,0,5
IFNGR2,10,0,5
IFNLR1,10,0,5
IFNW1,4,6,2
IFT20,0,10,0
IGBP1,0,10,0
IGDCC3,6,4,3
IGDCC4,3,7,2
IGF1,3,7,2
IGF1R,10,0,5
IGF2,4,6,2
IGF2R,7,3,3
IGFBP3,9,1,4
IGFLR1,10,0,5
IGLON5,9,0,5
IGSF1,9,0,5
IGSF11,10,0,5
IGSF23,10,0,5
IGSF3,10,0,5
IGSF5,10,0,5
IGSF6,10,0,5
IGSF8,10,0,5
IGSF9,10,0,5
IGSF9B,10,0,5
IKBIP,0,10,0
IL10,3,7,2
IL10RA,10,0,5
IL10RB,10,0,5
IL11RA,10,0,5
IL12A,4,5,2
IL12B,6,4,3
IL12RB1,10,0,5
IL12RB2,10,0,5
IL13,7,3,3
IL13RA1,10,0,5
IL13RA2,10,0,5
IL15,9,1,4
IL15RA,10,0,5
IL17A,5,5,3
IL17C,9,0,5
IL17D,8,2,4
IL17F,7,3,3
IL17RA,10,0,5
IL17RB,10,0,5
IL17RC,10,0,5
IL17RD,10,0,5
IL17RE,10,0,5
IL18,3,7,2
IL18BP,6,4,3
IL18R1,10,0,5
IL18RAP,10,0,5
IL1A,7,3,3
IL1B,6,4,3
IL1R1,10,0,5
IL1R2,10,0,5
IL1RAP,10,0,5
IL1RAPL1,10,0,5
IL1RAPL2,10,0,5
IL1RL1,10,0,5
IL1RL2,10,0,5
IL2,5,4,3
IL20,4,6,2
IL20RA,10,0,5
IL20RB,10,0,5
IL21,3,7,2
IL21R,10,0,5
IL22,1,9,1
IL22RA1,10,0,5
IL23A,4,5,2
IL23R,10,0,5
IL25,5,5,3
IL27,5,5,3
IL27RA,10,0,5
IL2RA,10,0,5
IL2RB,10,0,5
IL2RG,10,0,5
IL31,7,3,3
IL31RA,10,0,5
IL33,5,5,3
IL3RA,10,0,5
IL4,5,5,3
IL4R,10,0,5
IL5,4,6,2
IL5RA,10,0,5
IL6,5,5,3
IL6R,10,0,5
IL6ST,9,0,5
IL7R,10,0,5
IL9,3,7,2
IL9R,10,0,5
ILDR1,10,0,5
ILDR2,10,0,5
ILK,1,9,1
ILVBL,0,10,0
IMMT,0,10,0
IMPAD1,0,10,0
IMPG2,0,10,0
INAFM1,0,10,0
INAFM2,0,10,0
INHBA,1,9,1
INHBE,1,9,1
INPP5F,0,10,0
INSIG1,0,10,0
INSIG2,0,9,0
INSR,10,0,5
INSRR,10,0,5
IPCEF1,0,10,0
IQGAP1,0,10,0
IQGAP2,0,10,0
IRAK4,0,10,0
IREB2,0,10,0
ISLR,7,3,3
ISLR2,8,2,4
ITFG1,0,10,0
ITGA1,9,0,5
ITGA10,10,0,5
ITGA11,10,0,5
ITGA2,10,0,5
ITGA2B,10,0,5
ITGA3,10,0,5
ITGA4,10,0,5
ITGA5,10,0,5
ITGA6,10,0,5
ITGA7,10,0,5
ITGA8,10,0,5
ITGA9,10,0,5
ITGAD,10,0,5
ITGAE,10,0,5
ITGAL,10,0,5
ITGAM,10,0,5
ITGAV,10,0,5
ITGAX,10,0,5
ITGB1,8,0,5
ITGB2,10,0,5
ITGB3,10,0,5
ITGB4,10,0,5
ITGB5,10,0,5
ITGB6,10,0,5
ITGB7,9,0,5
ITGB8,10,0,5
ITIH2,0,10,0
ITLN1,10,0,5
ITM2A,6,4,3
ITM2B,8,2,4
ITM2C,6,4,3
ITPKA,0,10,0
ITPR1,0,10,0
ITPR2,0,10,0
ITPR3,0,10,0
ITPRIP,0,10,0
ITPRIPL1,1,9,1
ITPRIPL2,0,10,0
ITSN1,1,9,1
ITSN2,0,10,0
IYD,0,10,0
IZUMO1,10,0,5
IZUMO1R,10,0,5
IZUMO2,10,0,5
IZUMO3,10,0,5
JAG1,10,0,5
JAG2,10,0,5
JAGN1,0,10,0
JAM2,10,0,5
JAM3,10,0,5
JAML,10,0,5
JKAMP,0,10,0
JPH1,1,9,1
JPH2,1,9,1
JPH3,0,10,0
JPH4,0,10,0
JSRP1,0,10,0
JTB,0,10,0
JUP,0,10,0
KANTR,0,10,0
KCNA1,9,0,5
KCNA10,10,0,5
KCNA2,10,0,5
KCNA3,10,0,5
KCNA4,10,0,5
KCNA5,10,0,5
KCNA6,10,0,5
KCNA7,9,1,4
KCNAB1,0,10,0
KCNB1,10,0,5
KCNB2,5,5,3
KCNC1,5,5,3
KCNC2,6,4,3
KCNC3,7,3,3
KCNC4,6,4,3
KCND1,8,2,4
KCND2,8,2,4
KCND3,7,3,3
KCNE1,10,0,5
KCNE1B,10,0,5
KCNE2,10,0,5
KCNE3,10,0,5
KCNE4,10,0,5
KCNE5,10,0,5
KCNF1,6,4,3
KCNG1,8,2,4
KCNG2,9,1,4
KCNG3,10,0,5
KCNG4,5,5,3
KCNH1,10,0,5
KCNH2,9,1,4
KCNH3,9,1,4
KCNH4,8,1,4
KCNH5,10,0,5
KCNH6,9,1,4
KCNH7,10,0,5
KCNH8,5,5,3
KCNIP3,0,10,0
KCNJ1,7,3,3
KCNJ10,7,3,3
KCNJ11,6,4,3
KCNJ12,8,2,4
KCNJ13,4,6,2
KCNJ14,8,2,4
KCNJ15,5,5,3
KCNJ16,6,4,3
KCNJ18,7,3,3
KCNJ2,10,0,5
KCNJ3,10,0,5
KCNJ4,7,3,3
KCNJ5,9,1,4
KCNJ6,7,3,3
KCNJ8,6,4,3
KCNJ9,7,2,4
KCNK1,8,2,4
KCNK10,7,3,3
KCNK12,10,0,5
KCNK13,10,0,5
KCNK15,9,1,4
KCNK16,10,0,5
KCNK17,9,1,4
KCNK18,9,1,4
KCNK2,10,0,5
KCNK3,9,1,4
KCNK4,8,2,4
KCNK5,8,2,4
KCNK6,10,0,5
KCNK7,10,0,5
KCNK9,7,3,3
KCNMA1,5,5,3
KCNMB1,6,3,3
KCNMB2,5,5,3
KCNMB3,4,6,2
KCNMB4,6,4,3
KCNN1,7,2,4
KCNN2,8,2,4
KCNN3,8,2,4
KCNN4,9,1,4
KCNQ1,10,0,5
KCNQ2,8,2,4
KCNQ3,10,0,5
KCNQ4,9,1,4
KCNQ5,9,1,4
KCNS1,7,3,3
KCNS2,7,3,3
KCNS3,6,4,3
KCNT1,10,0,5
KCNT2,8,2,4
KCNU1,9,1,4
KCNV1,3,7,2
KCNV2,4,6,2
KCTD8,0,10,0
KDELR1,0,10,0
KDELR2,0,10,0
KDR,10,0,5
KDSR,0,10,0
KEL,10,0,5
KIAA0040,0,10,0
KIAA0100,0,10,0
KIAA0319,0,9,0
KIAA0319L,0,10,0
KIAA0556,0,10,0
KIAA1109,0,9,0
KIAA1324,0,10,0
KIAA1324L,0,10,0
KIAA1549,0,10,0
KIAA1549L,0,10,0
KIAA2013,0,10,0
KIDINS220,1,9,1
KIR2DL1,10,0,5
KIR2DL3,10,0,5
KIR2DL4,10,0,5
KIR3DL1,9,0,5
KIR3DL2,10,0,5
KIR3DL3,10,0,5
KIRREL1,10,0,5
KIRREL2,10,0,5
KIRREL3,10,0,5
KISS1R,10,0,5
KIT,10,0,5
KITLG,10,0,5
KL,10,0,5
KLB,10,0,5
KLHDC7B,0,9,0
KLK1,2,8,1
KLK2,4,5,2
KLK7,6,4,3
KLRB1,10,0,5
KLRC1,10,0,5
KLRC2,10,0,5
KLRC3,10,0,5
KLRC4,10,0,5
KLRD1,10,0,5
KLRF1,10,0,5
KLRF2,10,0,5
KLRG1,10,0,5
KLRG2,10,0,5
KLRK1,10,0,5
KNCN,0,10,0
KNG1,4,6,2
KNSTRN,0,10,0
KREMEN1,10,0,5
KREMEN2,10,0,5
KRT1,0,10,0
KRT4,3,7,2
KRT75,2,8,1
KRT77,0,10,0
KRT8,3,7,2
KRTCAP2,0,9,0
KRTCAP3,0,10,0
KTN1,0,10,0
L1CAM,10,0,5
LAG3,10,0,5
LAIR1,10,0,5
LAMA1,1,8,1
LAMA2,9,1,4
LAMA3,9,1,4
LAMA4,7,3,3
LAMA5,7,3,3
LAMB1,6,4,3
LAMB2,7,3,3
LAMB3,7,3,3
LAMC1,4,5,2
LAMC2,4,6,2
LAMP1,5,5,3
LAMP2,2,8,1
LAMP3,3,7,2
LAMP5,1,9,1
LAMTOR1,0,10,0
LAPTM4A,0,10,0
LAPTM4B,0,10,0
LAPTM5,1,9,1
LARGE1,0,10,0
LASP1,0,10,0
LAT,10,0,5
LAT2,7,3,3
LAX1,8,2,4
LAYN,10,0,5
LBR,0,10,0
LCLAT1,0,10,0
LCP1,0,10,0
LCT,9,1,4
LCTL,4,6,2
LDB3,0,10,0
LDLR,10,0,5
LDLRAD1,8,2,4
LDLRAD3,5,5,3
LDLRAD4,3,7,2
LEMD1,0,10,0
LEMD2,0,10,0
LEMD3,0,10,0
LEPR,10,0,5
LEPROT,6,4,3
LEPROTL1,1,9,1
LETM1,0,10,0
LETM2,0,10,0
LETMD1,0,10,0
LGALS13,7,3,3
LGALS3,9,1,4
LGALS3BP,5,5,3
LGALS4,9,1,4
LGALS8,6,4,3
LGALS9,10,0,5
LGR4,10,0,5
LGR5,10,0,5
LGR6,10,0,5
LHCGR,10,0,5
LHFPL1,10,0,5
LHFPL2,10,0,5
LHFPL3,9,1,4
LHFPL4,10,0,5
LHFPL5,8,1,4
LHFPL6,10,0,5
LIF,8,2,4
LIFR,10,0,5
LILRA1,10,0,5
LILRA2,9,0,5
LILRA4,10,0,5
LILRA5,10,0,5
LILRA6,10,0,5
LILRB1,10,0,5
LILRB2,10,0,5
LILRB3,10,0,5
LILRB4,10,0,5
LILRB5,10,0,5
LIM2,4,6,2
LIMA1,0,10,0
LIMD1,0,10,0
LIME1,2,8,1
LIMS1,0,10,0
LIMS2,0,10,0
LIMS4,0,10,0
LINGO1,10,0,5
LINGO2,10,0,5
LINGO3,9,1,4
LINGO4,8,2,4
LIPG,10,0,5
LITAF,2,8,1
LMAN1,0,10,0
LMAN1L,1,8,1
LMAN2,2,8,1
LMAN2L,0,10,0
LMBR1,0,10,0
LMBR1L,0,10,0
LMBRD1,0,9,0
LMBRD2,0,10,0
LMCD1,0,10,0
LMF1,0,10,0
LMF2,0,10,0
LMLN,0,10,0
LMLN2,0,10,0
LMTK2,3,7,2
LMTK3,1,9,1
LNPEP,8,2,4
LNPK,0,10,0
LNX1,0,10,0
LNX2,0,10,0
LONRF1,0,10,0
LOX,0,10,0
LOXL2,1,9,1
LOXL4,0,10,0
LPAR1,10,0,5
LPAR2,10,0,5
LPAR3,10,0,5
LPAR4,10,0,5
LPAR5,10,0,5
LPAR6,10,0,5
LPCAT3,0,10,0
LPCAT4,0,10,0
LPGAT1,0,10,0
LPL,10,0,5
LPP,6,4,3
LPXN,0,9,0
LRCH1,0,10,0
LRCH3,0,10,0
LRCH4,0,10,0
LRFN1,10,0,5
LRFN2,10,0,5
LRFN3,10,0,5
LRFN4,10,0,5
LRFN5,10,0,5
LRIG1,10,0,5
LRIG2,10,0,5
LRIG3,10,0,5
LRIT1,10,0,5
LRIT2,10,0,5
LRIT3,9,1,4
LRMP,1,8,1
LRP1,10,0,5
LRP10,6,4,3
LRP11,9,1,4
LRP12,8,2,4
LRP1B,8,2,4
LRP2,10,0,5
LRP3,8,2,4
LRP4,10,0,5
LRP5,10,0,5
LRP6,10,0,5
LRP8,10,0,5
LRRC1,0,1,0
LRRC15,4,6,2
LRRC19,5,5,3
LRRC24,4,6,2
LRRC25,1,9,1
LRRC26,3,7,2
LRRC3,2,8,1
LRRC32,10,0,5
LRRC37A,0,10,0
LRRC37A2,0,10,0
LRRC37A3,0,10,0
LRRC37B,1,9,1
LRRC38,5,5,3
LRRC3B,2,8,1
LRRC3C,1,9,1
LRRC4,10,0,5
LRRC4B,6,3,3
LRRC4C,6,4,3
LRRC52,2,8,1
LRRC53,0,10,0
LRRC55,0,10,0
LRRC59,0,10,0
LRRC66,0,10,0
LRRC7,1,9,1
LRRC70,0,10,0
LRRC8A,10,0,5
LRRC8B,10,0,5
LRRC8C,10,0,5
LRRC8D,10,0,5
LRRC8E,10,0,5
LRRIQ3,0,10,0
LRRN1,10,0,5
LRRN2,9,1,4
LRRN3,9,1,4
LRRN4,9,1,4
LRRN4CL,2,8,1
LRRTM1,9,0,5
LRRTM2,9,0,5
LRRTM3,10,0,5
LRRTM4,9,0,5
LRTM1,9,1,4
LRTM2,10,0,5
LSAMP,10,0,5
LSMEM1,6,4,3
LSMEM2,3,7,2
LSR,10,0,5
LST1,8,2,4
LTA,10,0,5
LTB,10,0,5
LTB4R,10,0,5
LTB4R2,10,0,5
LTBP1,2,8,1
LTBP3,0,9,0
LTBR,10,0,5
LTC4S,0,10,0
LTF,10,0,5
LTK,10,0,5
LUM,0,10,0
LUZP2,0,10,0
LVRN,4,6,2
LY6D,10,0,5
LY6E,10,0,5
LY6G6C,10,0,5
LY6G6D,10,0,5
LY6G6F,10,0,5
LY6H,10,0,5
LY6K,10,0,5
LY6L,10,0,5
LY75,10,0,5
LY9,10,0,5
LYG1,0,10,0
LYN,10,0,5
LYNX1,10,0,5
LYPD1,10,0,5
LYPD2,10,0,5
LYPD3,10,0,5
LYPD4,10,0,5
LYPD5,10,0,5
LYPD6,10,0,5
LYPD6B,10,0,5
LYPD8,10,0,5
LYSMD3,0,10,0
LYSMD4,0,10,0
LYVE1,10,0,5
M6PR,1,9,1
MACF1,0,10,0
MACO1,0,10,0
MADCAM1,10,0,5
MAG,10,0,5
MAGEA4,0,10,0
MAGT1,7,3,3
MAK,0,9,0
MAL,8,1,4
MAL2,10,0,5
MALL,9,0,5
MALRD1,0,10,0
MAMDC2,0,10,0
MAMDC4,1,9,1
MAN1A1,0,10,0
MAN1A2,0,10,0
MAN1B1,0,10,0
MAN1C1,0,10,0
MAN2A1,0,10,0
MAN2A2,0,10,0
MAN2B2,0,10,0
MAN2C1,0,10,0
MANBAL,0,10,0
MANEA,0,10,0
MANEAL,0,10,0
MANSC1,0,10,0
MANSC4,0,10,0
MAP4K5,0,10,0
MAP9,0,10,0
MAPT,0,10,0
MARCH1,1,9,1
MARCH11,0,9,0
MARCH2,0,10,0
MARCH3,0,10,0
MARCH4,0,10,0
MARCH5,0,10,0
MARCH6,0,10,0
MARCH8,3,7,2
MARCH9,0,10,0
MARCKS,6,4,3
MARCO,10,0,5
MARK2,0,10,0
MARVELD1,8,1,4
MARVELD2,9,1,4
MARVELD3,9,0,5
MARVELD3NL,0,1,0
MAS1,10,0,5
MAS1L,9,1,4
MASP1,6,4,3
MASP2,4,6,2
MAVS,0,10,0
MBOAT1,0,10,0
MBOAT2,1,9,1
MBOAT4,0,10,0
MBOAT7,0,10,0
MBTPS1,0,10,0
MBTPS2,0,10,0
MC1R,10,0,5
MC2R,10,0,5
MC3R,10,0,5
MC4R,10,0,5
MC5R,10,0,5
MCAM,10,0,5
MCEMP1,10,0,5
MCF2,0,10,0
MCHR1,10,0,5
MCHR2,10,0,5
MCOLN1,4,6,2
MCOLN2,4,6,2
MCOLN3,4,6,2
MCTP1,1,9,1
MCTP2,0,10,0
MCTS1,0,10,0
MCU,0,10,0
MCUB,0,10,0
MCUR1,0,10,0
MDGA1,10,0,5
MDGA2,10,0,5
MDM1,0,10,0
MEDAG,8,2,4
MEGF10,8,1,4
MEGF11,9,1,4
MEGF8,8,2,4
MEGF9,8,2,4
MELTF,10,0,5
MEP1A,9,1,4
MEP1B,10,0,5
MERTK,10,0,5
MET,10,0,5
METTL14,0,10,0
MFAP3,0,10,0
MFAP3L,0,10,0
MFAP4,0,10,0
MFAP5,0,10,0
MFF,0,10,0
MFGE8,10,0,5
MFRP,0,10,0
MFSD1,0,10,0
MFSD10,0,10,0
MFSD11,1,9,1
MFSD12,2,8,1
MFSD13A,1,9,1
MFSD14A,0,9,0
MFSD14B,0,9,0
MFSD14C,1,9,1
MFSD2A,8,2,4
MFSD2B,4,6,2
MFSD3,2,8,1
MFSD4A,1,9,1
MFSD4B,0,10,0
MFSD5,2,8,1
MFSD6,1,9,1
MFSD6L,1,9,1
MFSD8,0,10,0
MFSD9,0,10,0
MGAM,10,0,5
MGAM2,8,2,4
MGARP,0,10,0
MGAT1,0,9,0
MGAT2,0,10,0
MGAT3,0,10,0
MGAT4A,0,9,0
MGAT4B,0,10,0
MGAT4C,0,10,0
MGAT4D,0,10,0
MGAT5,0,10,0
MGAT5B,0,10,0
MGST1,0,10,0
MGST2,0,10,0
MGST3,0,10,0
MIA2,7,3,3
MIA3,0,10,0
MIB1,0,10,0
MICA,10,0,5
MICAL1,0,10,0
MICAL2,0,10,0
MICALL1,0,10,0
MICB,10,0,5
MIEF1,0,10,0
MIEF2,0,10,0
MIEN1,0,10,0
MIF,9,1,4
MIGA2,0,10,0
MILR1,10,0,5
MIP,10,0,5
MLANA,1,9,1
MLC1,3,7,2
MLEC,10,0,5
MLIP,0,10,0
MLKL,1,8,1
MLNR,9,1,4
MMD,1,9,1
MMD2,0,10,0
MME,10,0,5
MMEL1,0,10,0
MMGT1,0,10,0
MMP10,6,4,3
MMP13,1,9,1
MMP14,10,0,5
MMP15,10,0,5
MMP16,10,0,5
MMP17,10,0,5
MMP23B,0,10,0
MMP24,8,2,4
MMP25,7,3,3
MMP9,4,6,2
MMRN1,9,1,4
MNS1,0,10,0
MOAP1,0,10,0
MOG,10,0,5
MOGAT1,0,10,0
MOGAT2,0,10,0
MOGAT3,0,10,0
MOGS,0,10,0
MOSMO,2,8,1
MOSPD1,0,10,0
MOSPD2,0,9,0
MOSPD3,0,10,0
MOXD1,0,10,0
MPC1,0,10,0
MPC1L,0,9,0
MPC2,0,10,0
MPDU1,0,10,0
MPEG1,0,10,0
MPHOSPH8,0,10,0
MPHOSPH9,0,10,0
MPIG6B,8,2,4
MPL,10,0,5
MPP1,6,4,3
MPP5,0,10,0
MPPE1,0,10,0
MPV17,0,10,0
MPV17L,0,10,0
MPV17L2,0,10,0
MPZ,10,0,5
MPZL1,10,0,5
MPZL2,10,0,5
MPZL3,10,0,5
MR1,10,0,5
MRAP,7,2,4
MRAP2,8,2,4
MRC1,10,0,5
MRC2,10,0,5
MRGPRD,10,0,5
MRGPRE,10,0,5
MRGPRF,10,0,5
MRGPRG,10,0,5
MRGPRX1,10,0,5
MRGPRX2,10,0,5
MRGPRX3,10,0,5
MRGPRX4,10,0,5
MRNIP,0,10,0
MRPL49,0,10,0
MRS2,0,10,0
MRVI1,2,8,1
MS4A1,10,0,5
MS4A10,10,0,5
MS4A12,10,0,5
MS4A13,10,0,5
MS4A14,10,0,5
MS4A15,10,0,5
MS4A18,10,0,5
MS4A2,10,0,5
MS4A3,10,0,5
MS4A4A,10,0,5
MS4A4E,10,0,5
MS4A5,10,0,5
MS4A6A,10,0,5
MS4A6E,10,0,5
MS4A7,10,0,5
MS4A8,10,0,5
MSLN,8,0,5
MSMO1,0,10,0
MSN,9,1,4
MSR1,10,0,5
MST1R,9,0,5
MSTN,2,8,1
MTCH1,0,10,0
MTDH,10,0,5
MTFP1,0,10,0
MTLN,0,10,0
MTNR1A,10,0,5
MTNR1B,8,2,4
MTPN,0,10,0
MTSS1,0,10,0
MTSS2,0,10,0
MTUS1,0,10,0
MUC1,10,0,5
MUC12,10,0,5
MUC13,10,0,5
MUC15,10,0,5
MUC16,10,0,5
MUC17,10,0,5
MUC20,10,0,5
MUC21,9,0,5
MUC22,10,0,5
MUC3A,10,0,5
MUC4,10,0,5
MUC5AC,9,1,4
MUCL3,9,0,5
MUSK,10,0,5
MXRA5,10,0,5
MXRA7,10,0,5
MXRA8,10,0,5
MYADM,10,0,5
MYADML2,0,10,0
MYCT1,0,10,0
MYH8,0,10,0
MYLK,0,10,0
MYMK,9,1,4
MYO10,2,8,1
MYO1B,0,10,0
MYO1C,0,10,0
MYO1E,2,8,1
MYO1G,1,9,1
MYO5A,0,9,0
MYO9A,0,10,0
MYOF,0,9,0
MYORG,0,9,0
MYRF,0,10,0
MYRFL,0,9,0
NAALAD2,10,0,5
NAALADL1,3,6,2
NAALADL2,3,5,2
NAALADL6,1,0,5
NAGPA,0,10,0
NALCN,5,5,3
NAMPT,10,0,5
NAT14,0,10,0
NAT8,0,10,0
NAT8L,0,10,0
NCAM1,10,0,5
NCAM2,10,0,5
NCEH1,0,10,0
NCK1,0,10,0
NCKIPSD,0,10,0
NCLN,0,10,0
NCMAP,2,8,1
NCR1,10,0,5
NCR2,10,0,5
NCR3,10,0,5
NCR3LG1,10,0,5
NCSTN,3,7,2
NDC1,0,10,0
NDFIP1,0,10,0
NDFIP2,0,10,0
NDST1,0,10,0
NDST2,0,10,0
NDST3,0,10,0
NDST4,0,10,0
NDUFA1,0,10,0
NDUFA11,0,10,0
NDUFA13,0,10,0
NDUFA3,0,10,0
NDUFA4,0,10,0
NDUFA4L2,0,10,0
NDUFB1,0,10,0
NDUFB11,0,10,0
NDUFB2,0,10,0
NDUFB3,0,10,0
NDUFB4,0,10,0
NDUFB5,0,10,0
NDUFB6,0,10,0
NDUFB8,0,10,0
NDUFC1,0,10,0
NDUFC2,0,10,0
NDUFS8,0,10,0
NECTIN1,10,0,5
NECTIN2,10,0,5
NECTIN3,10,0,5
NECTIN4,10,0,5
NEGR1,10,0,5
NEK8,0,10,0
NELL1,6,4,3
NEMP1,4,6,2
NEMP2,2,7,1
NEO1,10,0,5
NETO1,10,0,5
NETO2,10,0,5
NEU1,1,9,1
NEXN,0,10,0
NF2,0,10,0
NFAM1,8,2,4
NFASC,10,0,5
NFAT5,0,10,0
NFXL1,0,9,0
NGF,7,3,3
NGFR,10,0,5
NHS,0,9,0
NIBAN1,0,10,0
NID2,1,9,1
NINJ1,8,2,4
NINJ2,8,2,4
NINL,0,10,0
NIPA1,0,10,0
NIPA2,0,10,0
NIPAL1,0,9,0
NIPAL2,0,10,0
NIPAL3,2,8,1
NIPAL4,0,8,0
NKAIN1,6,4,3
NKAIN2,7,3,3
NKAIN3,6,4,3
NKAIN4,8,2,4
NKG7,9,1,4
NKPD1,1,9,1
NLGN1,10,0,5
NLGN2,10,0,5
NLGN3,10,0,5
NLGN4X,10,0,5
NLGN4Y,10,0,5
NMB,8,2,4
NMBR,10,0,5
NMUR1,10,0,5
NMUR2,10,0,5
NNT,0,10,0
NOMO1,3,7,2
NOMO2,4,5,2
NOMO3,0,10,0
NOTCH1,10,0,5
NOTCH2,10,0,5
NOTCH3,10,0,5
NOTCH4,10,0,5
NOX1,0,10,0
NOX3,0,10,0
NOX4,0,10,0
NOX5,2,8,1
NPAP1,0,10,0
NPBWR1,10,0,5
NPBWR2,10,0,5
NPC1,0,10,0
NPC1L1,10,0,5
NPDC1,0,10,0
NPFFR1,10,0,5
NPFFR2,10,0,5
NPHS1,9,1,4
NPHS2,3,7,2
NPIPA1,0,10,0
NPIPA2,0,10,0
NPIPA5,0,10,0
NPIPA7,0,10,0
NPIPA8,0,10,0
NPIPB11,0,10,0
NPIPB12,0,10,0
NPIPB13,0,10,0
NPIPB15,0,10,0
NPIPB2,0,10,0
NPIPB3,0,10,0
NPIPB4,0,10,0
NPIPB5,0,10,0
NPIPB6,0,10,0
NPIPB7,0,10,0
NPNT,8,2,4
NPR1,10,0,5
NPR2,10,0,5
NPR3,10,0,5
NPSR1,10,0,5
NPTN,10,0,5
NPTX2,9,1,4
NPTXR,8,2,4
NPY1R,10,0,5
NPY2R,10,0,5
NPY4R,10,0,5
NPY4R2,10,0,5
NPY5R,10,0,5
NRAS,7,3,3
NRCAM,10,0,5
NRG1,10,0,5
NRG2,10,0,5
NRG3,10,0,5
NRG4,9,1,4
NRK,0,10,0
NRM,7,3,3
NRN1,0,10,0
NRN1L,0,10,0
NRP1,10,0,5
NRP2,9,0,5
NRROS,1,9,1
NRSN1,0,10,0
NRSN2,0,9,0
NRXN1,10,0,5
NRXN2,10,0,5
NRXN3,10,0,5
NSG1,2,8,1
NSG2,0,10,0
NT5E,10,0,5
NTM,10,0,5
NTN1,8,2,4
NTN3,7,3,3
NTNG1,8,2,4
NTNG2,8,2,4
NTRK1,10,0,5
NTRK2,9,1,4
NTRK3,9,1,4
NTSR1,10,0,5
NTSR2,10,0,5
NUMB,3,7,2
NUP210,0,10,0
NUP210L,0,10,0
NXPE1,0,10,0
NXPE2,0,10,0
NXPE3,0,10,0
NXPE4,0,10,0
NXPH4,4,6,2
OBSCN,0,10,0
OCA2,2,8,1
OCIAD1,0,9,0
OCIAD2,0,10,0
OCLN,10,0,5
OCM,0,10,0
OCRL,0,9,0
OCSTAMP,6,4,3
ODF2,0,10,0
ODF4,0,10,0
ODR4,1,9,1
OGFOD3,0,10,0
OGN,1,9,1
OLFM1,9,1,4
OLFM4,10,0,5
OLFML2A,7,1,4
OLFML2B,7,2,4
OLFML2L,1,0,5
OLFML3,10,0,5
OLR1,10,0,5
OMA1,0,10,0
OMG,7,3,3
OPA3,0,10,0
OPALIN,0,10,0
OPCML,9,0,5
OPN1LW,8,2,4
OPN1MW,8,2,4
OPN1MW2,5,5,3
OPN1MW3,4,6,2
OPN1SW,6,4,3
OPN3,10,0,5
OPN4,10,0,5
OPN5,8,2,4
OPRD1,8,2,4
OPRK1,10,0,5
OPRL1,10,0,5
OPRM1,10,0,5
OR10A2,8,2,4
OR10A3,5,4,3
OR10A4,5,5,3
OR10A5,7,3,3
OR10A6,9,1,4
OR10A7,6,4,3
OR10AD1,3,7,2
OR10AG1,5,5,3
OR10C1,3,6,2
OR10D3,8,2,4
OR10G2,7,3,3
OR10G3,8,2,4
OR10G4,6,4,3
OR10G6,6,4,3
OR10G7,7,3,3
OR10G8,6,4,3
OR10G9,6,4,3
OR10H1,4,6,2
OR10H2,5,5,3
OR10H3,6,4,3
OR10H4,5,5,3
OR10H5,7,3,3
OR10J1,4,6,2
OR10J5,6,4,3
OR10K1,5,5,3
OR10K2,3,7,2
OR10P1,4,6,2
OR10Q1,5,5,3
OR10R2,6,3,3
OR10S1,7,3,3
OR10T2,6,4,3
OR10V1,6,4,3
OR10W1,6,4,3
OR10X1,3,7,2
OR10Z1,9,1,4
OR11A1,9,1,4
OR11G2,5,5,3
OR11H1,6,4,3
OR11H12,4,6,2
OR11H2,7,3,3
OR11H4,7,3,3
OR11H6,5,5,3
OR11L1,9,1,4
OR12D2,4,6,2
OR12D3,7,3,3
OR13A1,6,4,3
OR13C2,10,0,5
OR13C3,5,5,3
OR13C4,4,6,2
OR13C5,9,1,4
OR13C8,7,3,3
OR13C9,6,4,3
OR13D1,7,3,3
OR13F1,6,4,3
OR13G1,4,6,2
OR13H1,7,3,3
OR13J1,3,6,2
OR14A16,7,3,3
OR14A2,6,4,3
OR14C36,3,7,2
OR14I1,4,6,2
OR14J1,4,6,2
OR14K1,3,7,2
OR1A1,4,6,2
OR1A2,6,4,3
OR1B1,8,2,4
OR1C1,6,4,3
OR1D2,6,4,3
OR1D5,2,8,1
OR1E1,3,7,2
OR1E2,4,6,2
OR1F1,5,5,3
OR1G1,4,6,2
OR1I1,4,6,2
OR1J1,6,4,3
OR1J2,6,4,3
OR1J4,6,4,3
OR1K1,4,5,2
OR1K16,1,0,5
OR1L1,3,7,2
OR1L3,6,4,3
OR1L4,6,4,3
OR1L6,5,5,3
OR1L8,5,5,3
OR1M1,4,6,2
OR1N1,7,3,3
OR1N2,7,3,3
OR1Q1,4,6,2
OR1S1,6,4,3
OR1S2,5,5,3
OR2A1,5,4,3
OR2A12,9,1,4
OR2A14,3,7,2
OR2A2,10,0,5
OR2A25,7,3,3
OR2A4,9,1,4
OR2A42,7,3,3
OR2A5,7,3,3
OR2A7,5,4,3
OR2AE1,5,5,3
OR2AG1,7,3,3
OR2AG2,5,5,3
OR2AJ1,8,2,4
OR2AK2,7,3,3
OR2AP1,4,6,2
OR2AT4,6,3,3
OR2B11,7,3,3
OR2B2,3,7,2
OR2B3,7,3,3
OR2B6,8,2,4
OR2C1,9,1,4
OR2C3,5,5,3
OR2D2,6,4,3
OR2D3,8,2,4
OR2F1,2,8,1
OR2F2,6,4,3
OR2G2,6,4,3
OR2G3,8,2,4
OR2G6,7,2,4
OR2H1,7,3,3
OR2H2,5,5,3
OR2I1P,2,7,1
OR2J1,4,6,2
OR2J2,5,5,3
OR2J3,6,3,3
OR2K2,9,1,4
OR2L13,7,3,3
OR2L2,6,4,3
OR2L3,5,5,3
OR2L5,8,2,4
OR2L8,7,3,3
OR2M2,5,5,3
OR2M3,6,4,3
OR2M4,5,5,3
OR2M5,7,3,3
OR2M7,6,4,3
OR2S2,6,4,3
OR2T1,9,1,4
OR2T10,7,3,3
OR2T11,4,6,2
OR2T12,7,3,3
OR2T2,9,1,4
OR2T27,6,4,3
OR2T29,5,5,3
OR2T3,5,5,3
OR2T33,4,6,2
OR2T34,9,1,4
OR2T35,7,3,3
OR2T4,10,0,5
OR2T5,8,2,4
OR2T6,5,4,3
OR2T8,6,4,3
OR2V1,7,3,3
OR2V2,6,4,3
OR2W1,8,2,4
OR2W3,7,2,4
OR2Y1,6,4,3
OR2Z1,4,6,2
OR3A1,7,3,3
OR3A2,8,2,4
OR3A3,6,4,3
OR4A15,7,3,3
OR4A16,6,4,3
OR4A47,5,5,3
OR4A5,5,5,3
OR4B1,5,5,3
OR4C11,5,5,3
OR4C12,2,8,1
OR4C13,5,5,3
OR4C15,3,7,2
OR4C16,7,3,3
OR4C3,7,3,3
OR4C46,9,1,4
OR4C5,6,4,3
OR4C6,7,3,3
OR4D1,4,6,2
OR4D10,5,5,3
OR4D11,5,5,3
OR4D2,4,6,2
OR4D5,3,7,2
OR4D6,6,4,3
OR4D9,6,4,3
OR4E1,5,5,3
OR4E2,6,3,3
OR4F15,3,7,2
OR4F16,5,5,3
OR4F17,3,7,2
OR4F21,4,6,2
OR4F29,3,7,2
OR4F3,4,6,2
OR4F4,6,4,3
OR4F5,4,6,2
OR4F6,5,4,3
OR4K1,4,6,2
OR4K13,7,3,3
OR4K14,5,5,3
OR4K15,5,5,3
OR4K17,3,7,2
OR4K2,7,3,3
OR4K5,8,2,4
OR4L1,6,4,3
OR4M1,8,2,4
OR4M2,7,3,3
OR4N2,9,1,4
OR4N4,6,4,3
OR4N5,6,4,3
OR4P4,4,6,2
OR4Q3,4,6,2
OR4S1,3,7,2
OR4S2,3,7,2
OR4X1,4,6,2
OR4X2,6,4,3
OR51A2,7,3,3
OR51A4,8,2,4
OR51A7,7,3,3
OR51B2,7,3,3
OR51B4,6,4,3
OR51B5,9,1,4
OR51B6,8,2,4
OR51C1P,3,7,2
OR51D1,10,0,5
OR51E1,7,3,3
OR51E2,5,5,3
OR51F1,7,3,3
OR51F2,6,4,3
OR51G1,7,3,3
OR51G2,9,1,4
OR51I1,9,1,4
OR51I2,5,5,3
OR51L1,7,3,3
OR51M1,9,1,4
OR51Q1,8,2,4
OR51S1,7,3,3
OR51T1,9,1,4
OR51V1,8,2,4
OR52A1,9,1,4
OR52A5,8,2,4
OR52B2,4,6,2
OR52B4,5,5,3
OR52B6,3,7,2
OR52D1,6,4,3
OR52E2,3,7,2
OR52E4,8,2,4
OR52E5,2,8,1
OR52E6,3,7,2
OR52E8,6,3,3
OR52H1,4,6,2
OR52I1,1,9,1
OR52I2,3,7,2
OR52J3,7,3,3
OR52K1,3,7,2
OR52K2,6,4,3
OR52L1,7,3,3
OR52M1,6,4,3
OR52N1,5,5,3
OR52N2,5,5,3
OR52N4,5,5,3
OR52N5,5,4,3
OR52R1,5,5,3
OR52W1,7,3,3
OR56A1,7,3,3
OR56A3,6,4,3
OR56A4,5,5,3
OR56A5,7,3,3
OR56B1,8,2,4
OR56B4,7,3,3
OR5A1,7,3,3
OR5A2,8,2,4
OR5AC2,6,4,3
OR5AK2,6,4,3
OR5AN1,8,2,4
OR5AP2,5,5,3
OR5AR1,6,4,3
OR5AS1,5,5,3
OR5AU1,7,3,3
OR5B12,8,2,4
OR5B17,9,1,4
OR5B2,5,4,3
OR5B21,7,3,3
OR5B3,5,5,3
OR5BS1P,2,8,1
OR5C1,8,2,4
OR5D13,8,2,4
OR5D14,8,2,4
OR5D16,7,3,3
OR5D18,9,1,4
OR5D3P,1,9,1
OR5F1,6,4,3
OR5H1,4,6,2
OR5H14,5,5,3
OR5H15,8,2,4
OR5H2,8,2,4
OR5H6,6,4,3
OR5I1,8,2,4
OR5J2,6,4,3
OR5K1,10,0,5
OR5K2,8,2,4
OR5K3,7,3,3
OR5K4,7,3,3
OR5L1,8,2,4
OR5L2,7,3,3
OR5M1,7,3,3
OR5M10,7,3,3
OR5M11,10,0,5
OR5M3,6,4,3
OR5M8,7,3,3
OR5M9,6,4,3
OR5P2,6,4,3
OR5P3,8,2,4
OR5R1,7,3,3
OR5T1,7,3,3
OR5T2,6,4,3
OR5T3,5,5,3
OR5V1,8,2,4
OR5W2,5,4,3
OR6A2,8,2,4
OR6B1,5,5,3
OR6B2,8,2,4
OR6B3,6,4,3
OR6C1,4,6,2
OR6C2,6,4,3
OR6C3,6,4,3
OR6C4,7,3,3
OR6C6,4,6,2
OR6C65,5,5,3
OR6C68,6,4,3
OR6C70,4,6,2
OR6C74,7,3,3
OR6C75,5,5,3
OR6C76,5,5,3
OR6F1,6,4,3
OR6J1,8,2,4
OR6K2,7,3,3
OR6K3,7,3,3
OR6K6,9,1,4
OR6M1,5,5,3
OR6N1,6,4,3
OR6N2,4,6,2
OR6P1,7,3,3
OR6Q1,6,4,3
OR6S1,9,1,4
OR6T1,8,2,4
OR6V1,7,3,3
OR6X1,8,2,4
OR6Y1,5,5,3
OR7A10,5,5,3
OR7A17,3,7,2
OR7A5,7,3,3
OR7C1,3,7,2
OR7C2,6,4,3
OR7D2,6,4,3
OR7D4,6,4,3
OR7E24,6,4,3
OR7G1,7,3,3
OR7G2,8,2,4
OR7G3,7,3,3
OR8A1,6,4,3
OR8B12,7,3,3
OR8B2,7,3,3
OR8B3,7,3,3
OR8B4,2,8,1
OR8B8,6,4,3
OR8D1,6,4,3
OR8D2,6,4,3
OR8D4,4,6,2
OR8G1,6,4,3
OR8G5,8,2,4
OR8H1,7,3,3
OR8H2,6,4,3
OR8H3,7,3,3
OR8I2,5,5,3
OR8J1,8,2,4
OR8J3,5,5,3
OR8K1,8,2,4
OR8K3,7,3,3
OR8K5,5,5,3
OR8S1,8,2,4
OR8U1,4,6,2
OR9A2,8,2,4
OR9A4,5,5,3
OR9G1,6,4,3
OR9G4,7,3,3
OR9I1,6,4,3
OR9K2,6,4,3
OR9Q1,4,6,2
OR9Q2,6,4,3
ORAI1,8,2,4
ORAI2,8,2,4
ORAI3,8,2,4
ORM1,7,3,3
ORMDL1,0,10,0
ORMDL2,0,10,0
ORMDL3,0,10,0
OSBPL5,0,10,0
OSBPL8,0,10,0
OSCAR,8,0,5
OSCP1,0,10,0
OSM,10,0,5
OSMR,10,0,5
OST4,3,7,2
OSTC,0,10,0
OSTM1,3,7,2
OSTN,4,6,2
OTOA,1,9,1
OTOF,3,7,2
OTOP1,8,2,4
OTOP2,10,0,5
OTOP3,8,2,4
OVGP1,2,8,1
OXA1L,0,10,0
OXER1,10,0,5
OXGR1,10,0,5
OXTR,10,0,5
P2RX1,10,0,5
P2RX2,10,0,5
P2RX3,10,0,5
P2RX4,10,0,5
P2RX5,10,0,5
P2RX6,10,0,5
P2RX7,10,0,5
P2RY1,10,0,5
P2RY10,10,0,5
P2RY11,10,0,5
P2RY12,10,0,5
P2RY13,10,0,5
P2RY14,10,0,5
P2RY2,10,0,5
P2RY4,10,0,5
P2RY6,10,0,5
P2RY8,9,0,5
P4HTM,0,10,0
PABPC1,0,10,0
PACSIN2,1,9,1
PACSIN3,0,10,0
PADI2,0,10,0
PADI3,0,9,0
PAG1,10,0,5
PAK1,0,10,0
PAK2,0,10,0
PAK4,0,10,0
PAK6,0,10,0
PALM,0,10,0
PAM,4,6,2
PANX1,10,0,5
PANX2,10,0,5
PANX3,10,0,5
PAQR3,4,6,2
PAQR4,7,3,3
PAQR5,2,8,1
PAQR6,5,5,3
PAQR7,2,8,1
PAQR8,2,8,1
PAQR9,4,6,2
PARD3,0,10,0
PARD3B,0,10,0
PARD6A,0,10,0
PARD6G,0,10,0
PARL,0,10,0
PARM1,0,10,0
PARP16,0,10,0
PARP6,0,10,0
PARVA,0,10,0
PARVB,0,9,0
PATE1,1,9,1
PATJ,2,8,1
PBXIP1,0,10,0
PCDH1,10,0,5
PCDH10,10,0,5
PCDH11X,10,0,5
PCDH11Y,10,0,5
PCDH12,10,0,5
PCDH15,10,0,5
PCDH17,10,0,5
PCDH18,10,0,5
PCDH19,10,0,5
PCDH20,10,0,5
PCDH7,10,0,5
PCDH8,10,0,5
PCDH9,9,0,5
PCDHA1,10,0,5
PCDHA10,10,0,5
PCDHA11,10,0,5
PCDHA12,10,0,5
PCDHA13,10,0,5
PCDHA2,10,0,5
PCDHA3,10,0,5
PCDHA4,10,0,5
PCDHA5,10,0,5
PCDHA6,10,0,5
PCDHA7,10,0,5
PCDHA8,10,0,5
PCDHA9,10,0,5
PCDHAC1,10,0,5
PCDHAC2,10,0,5
PCDHB1,10,0,5
PCDHB10,10,0,5
PCDHB11,10,0,5
PCDHB12,10,0,5
PCDHB13,10,0,5
PCDHB14,10,0,5
PCDHB15,10,0,5
PCDHB16,10,0,5
PCDHB2,10,0,5
PCDHB3,10,0,5
PCDHB4,10,0,5
PCDHB5,10,0,5
PCDHB6,10,0,5
PCDHB7,10,0,5
PCDHB8,10,0,5
PCDHB9,10,0,5
PCDHGA1,10,0,5
PCDHGA10,10,0,5
PCDHGA11,10,0,5
PCDHGA12,10,0,5
PCDHGA2,10,0,5
PCDHGA3,10,0,5
PCDHGA4,10,0,5
PCDHGA5,10,0,5
PCDHGA6,9,0,5
PCDHGA7,10,0,5
PCDHGA8,9,0,5
PCDHGA9,10,0,5
PCDHGB1,10,0,5
PCDHGB2,10,0,5
PCDHGB3,10,0,5
PCDHGB4,10,0,5
PCDHGB5,10,0,5
PCDHGB6,10,0,5
PCDHGB7,10,0,5
PCDHGC3,10,0,5
PCDHGC4,10,0,5
PCDHGC5,10,0,5
PCMTD1,0,10,0
PCNX1,0,10,0
PCNX2,0,10,0
PCNX3,0,10,0
PCNX4,0,10,0
PCSK4,0,10,0
PCSK5,3,7,2
PCSK7,0,10,0
PCSK9,7,3,3
PDCD1,10,0,5
PDCD1LG2,10,0,5
PDE3A,0,10,0
PDE3B,0,10,0
PDE4D,0,10,0
PDE7A,0,10,0
PDGFC,8,2,4
PDGFRA,10,0,5
PDGFRB,10,0,5
PDPN,10,0,5
PDZD8,0,10,0
PDZK1IP1,0,10,0
PEAK1,0,10,0
PEAR1,10,0,5
PEBP1,0,10,0
PECAM1,10,0,5
PEMT,0,10,0
PERP,10,0,5
PET100,0,10,0
PET117,0,10,0
PEX11B,0,10,0
PEX11G,0,10,0
PEX13,0,10,0
PEX14,0,10,0
PGAP1,0,10,0
PGAP2,0,10,0
PGAP3,0,10,0
PGF,9,1,4
PGRMC1,5,5,3
PGRMC2,2,8,1
PHB2,0,10,0
PHEX,5,5,3
PHLDB1,0,10,0
PHLDB2,0,10,0
PHPT1,0,10,0
PHTF1,0,10,0
PHTF2,0,8,0
PI16,3,7,2
PI3,2,8,1
PI4K2A,0,9,0
PIANP,10,0,5
PIEZO1,10,0,5
PIEZO2,10,0,5
PIGA,5,4,3
PIGB,0,10,0
PIGBOS1,0,10,0
PIGC,0,10,0
PIGF,1,9,1
PIGG,0,10,0
PIGH,7,3,3
PIGK,2,8,1
PIGL,0,10,0
PIGM,1,9,1
PIGN,0,10,0
PIGO,0,10,0
PIGP,0,10,0
PIGQ,0,10,0
PIGR,9,0,5
PIGS,2,8,1
PIGT,0,10,0
PIGU,1,9,1
PIGV,0,10,0
PIGW,0,10,0
PIGX,0,10,0
PIGY,0,10,0
PIGZ,0,10,0
PIK3AP1,0,10,0
PIK3CA,0,10,0
PIK3CG,4,6,2
PIK3IP1,0,10,0
PIK3R4,0,10,0
PIK3R6,0,10,0
PILRA,10,0,5
PILRB,10,0,5
PIP4P1,0,10,0
PIP4P2,0,10,0
PIRT,8,2,4
PIWIL1,0,10,0
PKD1,9,0,5
PKD1L1,10,0,5
PKD1L3,9,1,4
PKD2,9,1,4
PKD2L1,9,1,4
PKD2L2,8,2,4
PKDREJ,8,2,4
PKHD1,5,5,3
PKHD1L1,4,6,2
PKP1,7,3,3
PKP2,5,5,3
PKP3,8,2,4
PKP4,5,4,3
PLA2G3,0,10,0
PLA2R1,10,0,5
PLAT,10,0,5
PLAU,10,0,5
PLAUR,9,0,5
PLB1,0,10,0
PLBD1,0,10,0
PLCB1,0,10,0
PLCB2,0,10,0
PLCD3,0,10,0
PLCG1,0,10,0
PLCXD3,0,10,0
PLD1,0,10,0
PLD3,1,9,1
PLD4,0,10,0
PLD5,0,10,0
PLEC,1,9,1
PLEKHA4,0,10,0
PLEKHA7,7,3,3
PLEKHN1,1,8,1
PLEKHO2,0,10,0
PLET1,10,0,5
PLGRKT,8,2,4
PLIN1,0,10,0
PLLP,6,4,3
PLN,0,10,0
PLP1,1,8,1
PLP2,1,9,1
PLPP1,4,5,2
PLPP2,2,8,1
PLPP3,8,2,4
PLPP4,0,10,0
PLPP5,0,10,0
PLPP6,3,7,2
PLPP7,4,6,2
PLPPR1,10,0,5
PLPPR2,8,2,4
PLPPR3,10,0,5
PLPPR4,9,1,4
PLPPR5,8,2,4
PLSCR1,6,3,3
PLSCR3,6,4,3
PLTP,3,7,2
PLVAP,10,0,5
PLXDC1,10,0,5
PLXDC2,10,0,5
PLXNA1,10,0,5
PLXNA2,9,1,4
PLXNA3,10,0,5
PLXNA4,10,0,5
PLXNB1,10,0,5
PLXNB2,10,0,5
PLXNB3,10,0,5
PLXNC1,10,0,5
PLXND1,10,0,5
PMEL,5,5,3
PMEPA1,2,8,1
PMIS2,0,10,0
PMP2,1,9,1
PMP22,8,2,4
PNKD,0,10,0
PNPLA6,0,10,0
PNPLA7,0,10,0
PODXL,10,0,5
PODXL2,10,0,5
POMGNT1,0,10,0
POMK,1,9,1
POMT1,0,10,0
POMT2,0,10,0
PON1,4,6,2
PON2,4,6,2
POPDC2,10,0,5
POPDC3,9,1,4
POR,0,10,0
PORCN,0,10,0
POSTN,6,4,3
POTEJ,0,10,0
PPFIA1,0,10,0
PPFIBP1,0,9,0
PPID,0,10,0
PPIP5K1,0,10,0
PPL,0,10,0
PPM1L,0,10,0
PPP1R18,0,10,0
PPP1R3A,0,10,0
PPP2R3C,0,10,0
PPP3R2,0,10,0
PRAF2,0,10,0
PRAME,0,10,0
PRCD,0,10,0
PREB,0,10,0
PRELP,5,5,3
PRF1,9,1,4
PRG2,3,7,2
PRG3,7,3,3
PRIMA1,0,10,0
PRKACA,0,10,0
PRKACG,0,10,0
PRKCA,1,8,1
PRKCI,0,10,0
PRKCZ,0,10,0
PRLHR,9,0,5
PRLR,10,0,5
PRND,10,0,5
PRNP,10,0,5
PROCR,10,0,5
PROKR1,10,0,5
PROKR2,10,0,5
PROM1,10,0,5
PROM2,10,0,5
PROSER2,0,10,0
PRPH2,6,4,3
PRR7,7,3,3
PRRG1,2,8,1
PRRG2,0,10,0
PRRG3,2,8,1
PRRG4,3,7,2
PRRT1,0,10,0
PRRT1B,0,10,0
PRRT2,3,7,2
PRRT3,0,10,0
PRRT4,0,10,0
PRSS21,4,6,2
PRSS23,0,10,0
PRSS35,0,10,0
PRTG,10,0,5
PRX,0,10,0
PSAP,4,6,2
PSCA,10,0,5
PSEN1,0,10,0
PSEN2,0,10,0
PSENEN,0,10,0
PSG1,10,0,5
PSG3,10,0,5
PSTPIP1,0,10,0
PSTPIP2,0,10,0
PTAFR,10,0,5
PTCH1,9,1,4
PTCH2,10,0,5
PTCHD1,0,10,0
PTCHD4,0,10,0
PTCRA,10,0,5
PTDSS1,4,6,2
PTDSS2,1,9,1
PTGDR,10,0,5
PTGDR2,10,0,5
PTGER1,10,0,5
PTGER2,10,0,5
PTGER3,10,0,5
PTGER4,10,0,5
PTGES,0,10,0
PTGFR,10,0,5
PTGFRN,10,0,5
PTGIR,10,0,5
PTGIS,0,10,0
PTH,4,6,2
PTH1R,10,0,5
PTH2R,10,0,5
PTK2,1,9,1
PTK2B,0,9,0
PTK6,1,9,1
PTK7,10,0,5
PTP4A3,0,10,0
PTPN13,1,9,1
PTPN22,2,8,1
PTPN5,1,9,1
PTPRA,10,0,5
PTPRB,10,0,5
PTPRC,10,0,5
PTPRCAP,0,10,0
PTPRD,10,0,5
PTPRE,10,0,5
PTPRF,10,0,5
PTPRG,10,0,5
PTPRH,10,0,5
PTPRJ,10,0,5
PTPRK,10,0,5
PTPRM,10,0,5
PTPRN,0,10,0
PTPRN2,1,9,1
PTPRO,10,0,5
PTPRQ,9,1,4
PTPRR,9,1,4
PTPRS,10,0,5
PTPRT,10,0,5
PTPRU,10,0,5
PTPRZ1,10,0,5
PTTG1IP,0,10,0
PVR,10,0,5
PVRIG,10,0,5
PXDN,0,10,0
PXK,0,10,0
PXMP2,0,10,0
PXMP4,0,10,0
PXN,0,10,0
QPCTL,0,10,0
QRFPR,10,0,5
QSOX1,1,9,1
QSOX2,0,10,0
RAB11B,0,10,0
RAB13,0,10,0
RAB25,0,10,0
RAB27B,0,10,0
RAB34,0,10,0
RAB43,0,10,0
RAB5C,0,10,0
RAB5IF,0,10,0
RABAC1,0,10,0
RABGAP1,0,10,0
RAET1E,10,0,5
RAET1G,10,0,5
RAET1L,10,0,5
RALA,0,10,0
RAMP1,10,0,5
RAMP2,9,0,5
RAMP3,10,0,5
RAPH1,0,10,0
RAPSN,6,4,3
RASA4B,0,10,0
RASD2,0,10,0
RASGRP1,0,10,0
RASGRP4,0,10,0
RCE1,0,10,0
RDH11,0,10,0
RDH12,0,10,0
RDH16,0,10,0
RDH5,0,10,0
RDX,1,9,1
RECK,6,4,3
REELD1,4,6,2
REEP1,0,10,0
REEP2,0,10,0
REEP3,0,10,0
REEP4,0,10,0
REEP5,0,10,0
REEP6,0,10,0
RELL1,0,10,0
RELL2,0,10,0
RELT,8,2,4
REPS1,0,10,0
RER1,0,10,0
RET,10,0,5
RETREG1,4,6,2
RETREG2,0,10,0
RETREG3,0,8,0
RFT1,0,10,0
RGMA,10,0,5
RGMB,10,0,5
RGP1,0,10,0
RGR,6,4,3
RGS14,0,10,0
RGS9BP,0,10,0
RHAG,10,0,5
RHBDD1,0,10,0
RHBDD2,0,10,0
RHBDD3,0,10,0
RHBDF1,0,10,0
RHBDF2,0,10,0
RHBDL1,5,5,3
RHBDL2,2,8,1
RHBDL3,5,5,3
RHBG,10,0,5
RHCE,10,0,5
RHCG,9,0,5
RHD,10,0,5
RHEX,1,9,1
RHO,6,4,3
RHOA,0,10,0
RHOJ,1,9,1
RHOU,7,3,3
RIC3,0,10,0
RILPL2,0,10,0
RMND1,0,10,0
RNASEK,0,10,0
RND1,1,9,1
RNF103,0,10,0
RNF121,0,10,0
RNF122,0,10,0
RNF128,1,9,1
RNF13,0,10,0
RNF130,0,10,0
RNF133,0,10,0
RNF139,0,10,0
RNF145,0,10,0
RNF148,0,10,0
RNF149,0,10,0
RNF150,0,9,0
RNF152,0,10,0
RNF167,0,10,0
RNF170,0,10,0
RNF175,0,10,0
RNF180,0,10,0
RNF182,2,8,1
RNF183,0,10,0
RNF185,0,10,0
RNF186,0,10,0
RNF19A,0,10,0
RNF19B,0,10,0
RNF215,0,10,0
RNF217,0,10,0
RNF222,0,9,0
RNF223,0,10,0
RNF225,0,10,0
RNF24,0,10,0
RNF39,0,9,0
RNF43,8,2,4
RNF5,0,9,0
RNFT1,0,10,0
RNFT2,0,10,0
ROBO1,10,0,5
ROBO2,9,1,4
ROBO3,10,0,5
ROBO4,10,0,5
ROM1,1,9,1
ROMO1,0,10,0
ROR1,10,0,5
ROR2,10,0,5
ROS1,7,3,3
RPE,0,10,0
RPN1,0,10,0
RPN2,0,9,0
RPRM,0,10,0
RPRML,1,9,1
RPSA,10,0,5
RRBP1,0,10,0
RRH,0,10,0
RSKR,0,10,0
RSL1D1,0,10,0
RSPO3,9,1,4
RTN1,0,10,0
RTN2,0,10,0
RTN3,0,10,0
RTN4,0,10,0
RTN4R,10,0,5
RTN4RL1,0,10,0
RTP1,7,2,4
RTP4,0,10,0
RXFP1,10,0,5
RXFP2,10,0,5
RXFP3,10,0,5
RXFP4,10,0,5
RXYLT1,0,10,0
RYK,10,0,5
RYR1,0,10,0
RYR2,0,10,0
RYR3,0,10,0
S100A13,2,8,1
S100A14,1,9,1
S100A16,2,8,1
S100A9,9,1,4
S100B,0,10,0
S1PR1,10,0,5
S1PR2,10,0,5
S1PR3,10,0,5
S1PR4,10,0,5
S1PR5,10,0,5
SACM1L,0,10,0
SAMD5,0,10,0
SAMD8,0,10,0
SAMSN1,5,5,3
SAPCD1,0,9,0
SARAF,1,9,1
SARDH,0,10,0
SASH3,1,9,1
SAYSD1,0,10,0
SC5D,0,10,0
SCAMP1,8,2,4
SCAMP2,6,4,3
SCAMP3,6,4,3
SCAMP4,8,2,4
SCAMP5,6,3,3
SCAP,0,10,0
SCARA3,10,0,5
SCARA5,10,0,5
SCARB1,10,0,5
SCARB2,10,0,5
SCARF1,10,0,5
SCARF2,10,0,5
SCART1,8,2,4
SCD,0,10,0
SCD5,0,10,0
SCEL,10,0,5
SCIMP,10,0,5
SCIN,0,10,0
SCN10A,10,0,5
SCN11A,10,0,5
SCN1A,8,2,4
SCN1B,10,0,5
SCN2A,10,0,5
SCN2B,10,0,5
SCN3A,10,0,5
SCN3B,9,1,4
SCN4A,8,2,4
SCN4B,9,1,4
SCN5A,9,1,4
SCN7A,9,0,5
SCN7B,1,0,5
SCN8A,7,3,3
SCN9A,9,1,4
SCNN1A,10,0,5
SCNN1B,10,0,5
SCNN1D,10,0,5
SCNN1G,10,0,5
SCO1,0,10,0
SCO2,0,10,0
SCRIB,3,7,2
SCTR,10,0,5
SCUBE3,10,0,5
SDC1,10,0,5
SDC2,10,0,5
SDC3,10,0,5
SDC4,10,0,5
SDCCAG8,0,10,0
SDHC,0,10,0
SDHD,0,10,0
SDK1,10,0,5
SDK2,10,0,5
SDR42E1,0,10,0
SDR42E2,0,10,0
SEC11A,0,10,0
SEC11C,0,10,0
SEC22A,0,10,0
SEC22B,0,10,0
SEC22C,0,10,0
SEC61A1,0,10,0
SEC61A2,0,10,0
SEC61B,0,9,0
SEC61G,0,10,0
SEC62,0,10,0
SEC63,0,10,0
SECTM1,9,0,5
SEL1L,0,10,0
SEL1L2,0,10,0
SEL1L3,0,10,0
SELE,10,0,5
SELENOI,1,9,1
SELENOP,5,5,3
SELENOS,0,10,0
SELL,9,0,5
SELP,10,0,5
SELPLG,10,0,5
SEMA3A,7,3,3
SEMA3C,8,1,4
SEMA4A,10,0,5
SEMA4B,10,0,5
SEMA4C,10,0,5
SEMA4D,10,0,5
SEMA4F,9,0,5
SEMA4G,10,0,5
SEMA5A,10,0,5
SEMA5B,10,0,5
SEMA6A,10,0,5
SEMA6B,10,0,5
SEMA6C,10,0,5
SEMA6D,10,0,5
SEMA7A,9,0,5
SEPTIN3,0,10,0
SEPTIN7,0,10,0
SEPTIN8,0,10,0
SERINC1,10,0,5
SERINC2,10,0,5
SERINC3,8,1,4
SERINC4,10,0,5
SERINC5,9,1,4
SERP1,0,10,0
SERP2,0,10,0
SERPINA1,1,9,1
SERPINA3,0,9,0
SERPINB2,0,10,0
SERPINE2,3,7,2
SERPINF1,0,10,0
SERPINF2,0,9,0
SERPING1,1,9,1
SERPINI1,0,10,0
SERTM1,0,10,0
SERTM2,0,10,0
SETDB1,0,10,0
SEZ6,10,0,5
SEZ6L,7,3,3
SEZ6L2,8,2,4
SFSWAP,0,10,0
SFT2D1,0,10,0
SFT2D2,0,10,0
SFT2D3,0,10,0
SFXN1,0,10,0
SFXN2,0,10,0
SFXN3,0,10,0
SFXN5,0,10,0
SGCA,10,0,5
SGCB,8,2,4
SGCD,10,0,5
SGCE,1,9,1
SGCG,9,1,4
SGCZ,6,4,3
SGMS1,0,8,0
SGMS2,0,10,0
SGPL1,1,9,1
SGPP1,1,9,1
SGPP2,0,10,0
SGTB,0,10,0
SH3PXD2B,0,9,0
SHANK1,0,10,0
SHANK3,0,10,0
SHISA2,10,0,5
SHISA3,10,0,5
SHISA4,9,1,4
SHISA5,8,2,4
SHISA6,9,1,4
SHISA7,10,0,5
SHISA8,10,0,5
SHISA9,9,1,4
SHISAL1,0,10,0
SHISAL2A,0,10,0
SHISAL2B,0,10,0
SHROOM2,0,9,0
SHROOM4,0,10,0
SI,8,0,5
SIDT1,2,8,1
SIDT2,2,8,1
SIGIRR,7,3,3
SIGLEC1,10,0,5
SIGLEC10,10,0,5
SIGLEC11,10,0,5
SIGLEC12,10,0,5
SIGLEC14,10,0,5
SIGLEC15,10,0,5
SIGLEC5,10,0,5
SIGLEC6,10,0,5
SIGLEC7,10,0,5
SIGLEC8,10,0,5
SIGLEC9,10,0,5
SIGLECL1,9,1,4
SIGMAR1,0,10,0
SIL1,0,9,0
SIPA1L1,0,10,0
SIPA1L3,0,10,0
SIRPA,10,0,5
SIRPB1,10,0,5
SIRPB2,10,0,5
SIRPG,10,0,5
SIT1,8,2,4
SLAMF1,10,0,5
SLAMF6,10,0,5
SLAMF7,10,0,5
SLAMF8,10,0,5
SLAMF9,10,0,5
SLC10A1,9,1,4
SLC10A2,8,1,4
SLC10A3,5,4,3
SLC10A4,5,5,3
SLC10A5,6,4,3
SLC10A6,7,3,3
SLC10A7,4,6,2
SLC11A1,10,0,5
SLC11A2,9,1,4
SLC12A1,9,1,4
SLC12A2,9,1,4
SLC12A3,8,2,4
SLC12A4,7,3,3
SLC12A5,6,4,3
SLC12A6,7,3,3
SLC12A7,10,0,5
SLC12A8,8,2,4
SLC12A9,6,4,3
SLC13A1,9,1,4
SLC13A2,10,0,5
SLC13A3,7,3,3
SLC13A4,8,2,4
SLC13A5,10,0,5
SLC14A1,10,0,5
SLC14A2,10,0,5
SLC15A1,10,0,5
SLC15A2,10,0,5
SLC15A3,10,0,5
SLC15A4,8,2,4
SLC15A5,9,1,4
SLC16A1,10,0,5
SLC16A10,10,0,5
SLC16A11,9,0,5
SLC16A12,8,2,4
SLC16A13,8,2,4
SLC16A14,10,0,5
SLC16A2,10,0,5
SLC16A3,10,0,5
SLC16A4,10,0,5
SLC16A5,10,0,5
SLC16A6,10,0,5
SLC16A7,8,2,4
SLC16A8,8,1,4
SLC16A9,9,1,4
SLC17A1,8,1,4
SLC17A2,9,1,4
SLC17A3,8,2,4
SLC17A4,7,3,3
SLC17A5,10,0,5
SLC17A6,3,7,2
SLC17A7,7,3,3
SLC17A8,10,0,5
SLC17A9,10,0,5
SLC18A1,2,8,1
SLC18A2,4,6,2
SLC18A3,4,6,2
SLC18B1,6,4,3
SLC19A1,9,1,4
SLC19A2,9,1,4
SLC19A3,9,1,4
SLC1A1,9,1,4
SLC1A2,6,4,3
SLC1A3,9,1,4
SLC1A4,9,1,4
SLC1A5,10,0,5
SLC1A6,7,3,3
SLC1A7,7,3,3
SLC20A1,10,0,5
SLC20A2,9,1,4
SLC22A1,9,1,4
SLC22A10,6,4,3
SLC22A11,8,2,4
SLC22A12,8,2,4
SLC22A13,8,1,4
SLC22A14,7,3,3
SLC22A15,8,2,4
SLC22A16,5,5,3
SLC22A17,8,2,4
SLC22A18,2,8,1
SLC22A2,8,1,4
SLC22A23,7,3,3
SLC22A24,8,2,4
SLC22A25,6,4,3
SLC22A3,9,1,4
SLC22A31,5,5,3
SLC22A4,9,1,4
SLC22A5,8,1,4
SLC22A6,6,3,3
SLC22A7,10,0,5
SLC22A8,9,1,4
SLC22A9,6,4,3
SLC23A1,7,3,3
SLC23A2,10,0,5
SLC23A3,8,2,4
SLC24A1,0,10,0
SLC24A2,5,5,3
SLC24A3,4,6,2
SLC24A4,7,3,3
SLC24A5,6,4,3
SLC25A10,0,10,0
SLC25A11,0,10,0
SLC25A14,0,10,0
SLC25A15,0,10,0
SLC25A16,0,10,0
SLC25A17,0,10,0
SLC25A19,0,9,0
SLC25A2,0,10,0
SLC25A20,0,9,0
SLC25A22,0,10,0
SLC25A23,0,10,0
SLC25A24,0,10,0
SLC25A25,0,10,0
SLC25A27,0,10,0
SLC25A28,0,10,0
SLC25A29,0,10,0
SLC25A3,0,10,0
SLC25A30,0,10,0
SLC25A31,0,10,0
SLC25A32,0,10,0
SLC25A34,0,10,0
SLC25A35,0,10,0
SLC25A38,0,10,0
SLC25A39,0,9,0
SLC25A4,0,10,0
SLC25A40,0,10,0
SLC25A43,0,10,0
SLC25A44,0,10,0
SLC25A45,0,10,0
SLC25A47,0,10,0
SLC25A48,0,10,0
SLC25A5,0,10,0
SLC25A51,0,10,0
SLC25A52,0,10,0
SLC25A53,0,10,0
SLC25A6,0,10,0
SLC26A1,10,0,5
SLC26A10,8,1,4
SLC26A11,7,3,3
SLC26A2,9,1,4
SLC26A3,10,0,5
SLC26A4,10,0,5
SLC26A5,9,0,5
SLC26A6,9,0,5
SLC26A7,10,0,5
SLC26A8,7,3,3
SLC26A9,10,0,5
SLC27A1,6,4,3
SLC27A2,1,9,1
SLC27A3,3,7,2
SLC27A4,3,6,2
SLC27A5,3,7,2
SLC27A6,5,5,3
SLC28A1,10,0,5
SLC28A2,9,1,4
SLC28A3,9,1,4
SLC29A1,10,0,5
SLC29A2,10,0,5
SLC29A3,10,0,5
SLC29A4,9,1,4
SLC2A1,10,0,5
SLC2A10,10,0,5
SLC2A11,10,0,5
SLC2A12,10,0,5
SLC2A13,8,2,4
SLC2A14,10,0,5
SLC2A2,7,3,3
SLC2A3,7,3,3
SLC2A4,9,1,4
SLC2A5,9,1,4
SLC2A6,9,1,4
SLC2A7,10,0,5
SLC2A8,10,0,5
SLC2A9,10,0,5
SLC30A1,7,3,3
SLC30A10,6,4,3
SLC30A2,8,2,4
SLC30A3,5,5,3
SLC30A4,3,7,2
SLC30A5,7,3,3
SLC30A6,2,8,1
SLC30A7,5,5,3
SLC30A8,9,1,4
SLC30A9,3,7,2
SLC31A1,8,2,4
SLC31A2,10,0,5
SLC32A1,5,5,3
SLC33A1,0,10,0
SLC34A1,10,0,5
SLC34A2,10,0,5
SLC34A3,10,0,5
SLC35A1,4,6,2
SLC35A2,2,8,1
SLC35A3,1,8,1
SLC35A4,1,9,1
SLC35A5,1,9,1
SLC35B1,1,9,1
SLC35B2,1,9,1
SLC35B3,1,9,1
SLC35B4,1,9,1
SLC35C1,2,8,1
SLC35C2,6,4,3
SLC35D1,2,8,1
SLC35D2,0,10,0
SLC35D3,3,6,2
SLC35E1,0,10,0
SLC35E2A,1,8,1
SLC35E2B,1,9,1
SLC35E3,0,10,0
SLC35E4,3,7,2
SLC35F1,1,9,1
SLC35F2,1,9,1
SLC35F3,3,7,2
SLC35F4,2,8,1
SLC35F5,1,8,1
SLC35F6,0,10,0
SLC35G1,3,7,2
SLC35G2,2,8,1
SLC35G3,1,9,1
SLC35G4,2,8,1
SLC35G5,1,9,1
SLC35G6,1,9,1
SLC36A1,10,0,5
SLC36A2,10,0,5
SLC36A3,9,1,4
SLC36A4,9,1,4
SLC37A1,2,8,1
SLC37A2,1,9,1
SLC37A3,5,5,3
SLC37A4,2,8,1
SLC38A1,10,0,5
SLC38A10,10,0,5
SLC38A11,10,0,5
SLC38A2,10,0,5
SLC38A3,8,1,4
SLC38A4,10,0,5
SLC38A5,10,0,5
SLC38A6,9,0,5
SLC38A7,10,0,5
SLC38A8,9,1,4
SLC38A9,9,1,4
SLC39A1,10,0,5
SLC39A10,10,0,5
SLC39A11,7,3,3
SLC39A12,10,0,5
SLC39A13,9,0,5
SLC39A14,10,0,5
SLC39A2,10,0,5
SLC39A3,9,1,4
SLC39A4,10,0,5
SLC39A5,8,2,4
SLC39A6,10,0,5
SLC39A7,10,0,5
SLC39A8,10,0,5
SLC39A9,10,0,5
SLC3A1,10,0,5
SLC3A2,10,0,5
SLC40A1,9,1,4
SLC41A1,6,4,3
SLC41A2,7,3,3
SLC41A3,6,4,3
SLC43A1,7,2,4
SLC43A2,8,2,4
SLC43A3,8,2,4
SLC44A1,10,0,5
SLC44A2,10,0,5
SLC44A3,9,1,4
SLC44A4,10,0,5
SLC44A5,9,1,4
SLC45A1,7,3,3
SLC45A2,7,2,4
SLC45A3,7,3,3
SLC45A4,4,6,2
SLC46A1,9,1,4
SLC46A2,7,3,3
SLC46A3,8,2,4
SLC47A1,9,1,4
SLC47A2,10,0,5
SLC48A1,8,2,4
SLC49A3,8,2,4
SLC4A1,10,0,5
SLC4A10,9,0,5
SLC4A11,10,0,5
SLC4A1AP,0,10,0
SLC4A2,10,0,5
SLC4A3,10,0,5
SLC4A4,10,0,5
SLC4A5,10,0,5
SLC4A7,10,0,5
SLC4A8,9,1,4
SLC4A9,10,0,5
SLC50A1,5,5,3
SLC51A,8,1,4
SLC51B,6,4,3
SLC52A1,8,2,4
SLC52A2,9,1,4
SLC52A3,7,3,3
SLC5A1,10,0,5
SLC5A10,7,3,3
SLC5A11,9,0,5
SLC5A12,8,1,4
SLC5A2,10,0,5
SLC5A3,4,5,2
SLC5A4,7,3,3
SLC5A5,10,0,5
SLC5A6,10,0,5
SLC5A7,7,3,3
SLC5A8,8,2,4
SLC5A9,9,1,4
SLC6A1,8,2,4
SLC6A11,8,2,4
SLC6A12,8,2,4
SLC6A13,6,4,3
SLC6A14,9,0,5
SLC6A15,6,4,3
SLC6A16,4,6,2
SLC6A17,5,4,3
SLC6A18,10,0,5
SLC6A19,9,1,4
SLC6A2,9,1,4
SLC6A20,7,3,3
SLC6A3,7,3,3
SLC6A4,7,2,4
SLC6A5,8,2,4
SLC6A6,10,0,5
SLC6A7,7,3,3
SLC6A8,7,2,4
SLC6A9,10,0,5
SLC7A1,10,0,5
SLC7A10,10,0,5
SLC7A11,8,2,4
SLC7A13,8,2,4
SLC7A14,9,1,4
SLC7A2,9,0,5
SLC7A3,10,0,5
SLC7A4,9,1,4
SLC7A5,9,0,5
SLC7A6,9,1,4
SLC7A7,10,0,5
SLC7A8,9,0,5
SLC7A9,10,0,5
SLC8A1,9,1,4
SLC8A2,9,1,4
SLC8A3,9,1,4
SLC8B1,7,3,3
SLC9A1,9,0,5
SLC9A2,9,1,4
SLC9A3,10,0,5
SLC9A3R1,2,8,1
SLC9A3R2,1,9,1
SLC9A4,8,2,4
SLC9A5,10,0,5
SLC9A6,3,7,2
SLC9A7,5,5,3
SLC9A8,7,2,4
SLC9A9,4,6,2
SLC9B1,7,3,3
SLC9B2,6,4,3
SLC9C1,4,6,2
SLC9C2,3,7,2
SLCO1A2,7,3,3
SLCO1B1,4,6,2
SLCO1B3,7,3,3
SLCO1B7,2,8,1
SLCO1C1,6,4,3
SLCO2A1,4,6,2
SLCO2B1,8,2,4
SLCO2T2,1,0,5
SLCO3A1,6,3,3
SLCO4A1,9,1,4
SLCO4C1,3,6,2
SLCO5A1,5,5,3
SLCO6A1,8,2,4
SLIT1,8,2,4
SLIT2,8,2,4
SLIT3,8,2,4
SLITRK1,5,5,3
SLITRK2,6,4,3
SLITRK3,7,3,3
SLITRK4,8,2,4
SLITRK5,5,5,3
SLITRK6,8,2,4
SLMAP,0,10,0
SLN,0,10,0
SMAGP,7,3,3
SMCO2,2,8,1
SMCO4,2,7,1
SMDT1,0,10,0
SMIM1,10,0,5
SMIM11A,2,8,1
SMIM11B,0,10,0
SMIM12,0,10,0
SMIM13,0,10,0
SMIM14,4,6,2
SMIM15,2,8,1
SMIM17,1,9,1
SMIM18,2,8,1
SMIM19,2,8,1
SMIM2,3,7,2
SMIM20,1,9,1
SMIM24,0,10,0
SMIM26,2,8,1
SMIM27,1,9,1
SMIM28,1,9,1
SMIM29,1,9,1
SMIM3,3,7,2
SMIM30,2,8,1
SMIM31,2,8,1
SMIM32,0,10,0
SMIM33,2,8,1
SMIM34A,0,10,0
SMIM34B,0,10,0
SMIM35,0,9,0
SMIM36,2,8,1
SMIM4,1,9,1
SMIM5,1,9,1
SMIM6,0,10,0
SMIM7,4,6,2
SMIM8,1,9,1
SMIM9,0,10,0
SMLR1,0,10,0
SMO,10,0,5
SMPD2,6,4,3
SMPD3,9,1,4
SMPD4,0,10,0
SMPDL3A,5,5,3
SMPDL3B,5,5,3
SNAP23,4,6,2
SNCA,5,5,3
SNN,6,4,3
SNORC,0,10,0
SNTB2,2,8,1
SNTG1,1,0,5
SNTG2,7,2,4
SNX10,0,10,0
SNX13,0,10,0
SNX14,0,10,0
SNX19,0,10,0
SNX7,0,10,0
SNX9,0,10,0
SOAT1,0,10,0
SOAT2,0,10,0
SORBS1,0,10,0
SORBS3,0,10,0
SORCS1,4,6,2
SORCS2,3,7,2
SORCS3,2,8,1
SORL1,3,7,2
SORT1,4,6,2
SOST,10,0,5
SPAAR,3,7,2
SPACA1,0,10,0
SPACA3,1,9,1
SPACA4,0,10,0
SPACA6,1,9,1
SPAG4,0,10,0
SPAG8,0,10,0
SPAM1,10,0,5
SPATA3,0,10,0
SPATA31A1,0,10,0
SPATA31A3,0,10,0
SPATA31A5,0,10,0
SPATA31A6,0,10,0
SPATA31A7,0,10,0
SPATA31D1,0,10,0
SPATA31D3,0,10,0
SPATA31D4,0,10,0
SPATA31E1,0,10,0
SPATC1L,0,10,0
SPCS1,0,10,0
SPCS2,0,10,0
SPCS3,0,10,0
SPEM1,0,10,0
SPEM2,0,10,0
SPEM3,0,10,0
SPG7,0,10,0
SPHK1,0,10,0
SPINT1,9,1,4
SPINT2,8,2,4
SPN,10,0,5
SPNS1,10,0,5
SPNS2,10,0,5
SPNS3,10,0,5
SPP1,9,1,4
SPP2,0,10,0
SPPL2A,0,10,0
SPPL2B,0,10,0
SPPL2C,0,10,0
SPPL3,0,10,0
SPRED3,0,10,0
SPRN,10,0,5
SPTLC1,0,10,0
SPTSSA,0,10,0
SPTSSB,0,10,0
SPTY2D1OS,0,10,0
SRA1,2,8,1
SRC,9,1,4
SRCIN1,0,10,0
SRD5A2,0,10,0
SRD5A3,0,10,0
SREBF1,0,10,0
SREBF2,0,10,0
SRPRB,0,10,0
SSMEM1,1,9,1
SSPN,10,0,5
SSR1,0,10,0
SSR2,0,10,0
SSR3,0,10,0
SSR4,0,10,0
SSTR1,10,0,5
SSTR2,10,0,5
SSTR3,10,0,5
SSTR4,10,0,5
SSTR5,10,0,5
ST14,10,0,5
ST3GAL1,2,8,1
ST3GAL2,1,9,1
ST3GAL3,1,9,1
ST3GAL4,1,9,1
ST3GAL5,1,9,1
ST3GAL6,2,8,1
ST6GAL1,3,7,2
ST6GAL2,2,8,1
ST6GALNAC1,0,10,0
ST6GALNAC2,1,9,1
ST6GALNAC3,1,9,1
ST6GALNAC6,3,7,2
ST7,1,9,1
ST7L,0,10,0
ST8SIA1,2,8,1
ST8SIA2,1,9,1
ST8SIA3,0,10,0
ST8SIA5,1,9,1
STAB1,10,0,5
STAB2,10,0,5
STARD3,0,10,0
STARD3NL,0,10,0
STEAP1,9,1,4
STEAP1B,9,1,4
STEAP2,10,0,5
STEAP3,5,5,3
STEAP4,4,6,2
STIM1,1,9,1
STIM2,0,10,0
STIMATE,3,7,2
STK10,0,10,0
STK16,1,9,1
STK32C,0,10,0
STMP1,1,9,1
STOM,10,0,5
STOML1,4,6,2
STOML2,7,3,3
STOML3,9,1,4
STRA6,10,0,5
STS,0,10,0
STT3A,0,10,0
STT3B,0,10,0
STUM,1,9,1
STX10,0,10,0
STX12,0,10,0
STX16,0,10,0
STX18,1,9,1
STX1A,1,8,1
STX1B,2,8,1
STX2,2,8,1
STX3,1,9,1
STX4,2,8,1
STX5,0,10,0
STX6,0,10,0
STX7,0,10,0
STX8,0,10,0
STYK1,3,6,2
SUCNR1,10,0,5
SUCO,1,9,1
SULT1A1,0,10,0
SUN1,1,9,1
SUN2,0,10,0
SUN3,0,10,0
SUN5,0,9,0
SURF1,0,10,0
SURF4,0,10,0
SUSD1,10,0,5
SUSD2,10,0,5
SUSD3,10,0,5
SUSD4,10,0,5
SUSD5,10,0,5
SUSD6,10,0,5
SV2A,0,10,0
SV2B,2,8,1
SV2C,1,9,1
SVIL,0,9,0
SVOP,1,9,1
SVOPL,1,8,1
SWAP70,0,10,0
SYBU,0,10,0
SYK,8,2,4
SYNDIG1,9,1,4
SYNDIG1L,8,2,4
SYNE1,0,10,0
SYNE2,0,10,0
SYNE3,0,10,0
SYNE4,0,10,0
SYNGR1,1,9,1
SYNGR2,0,10,0
SYNGR3,0,10,0
SYNGR4,0,10,0
SYNJ2BP,0,10,0
SYNPO,0,10,0
SYNPR,0,10,0
SYP,1,9,1
SYPL1,1,9,1
SYPL2,0,10,0
SYS1,1,9,1
SYT1,3,7,2
SYT10,2,8,1
SYT11,0,10,0
SYT12,1,9,1
SYT13,1,9,1
SYT14,0,10,0
SYT15,1,9,1
SYT16,1,9,1
SYT2,1,9,1
SYT3,1,9,1
SYT4,1,9,1
SYT5,0,10,0
SYT6,0,10,0
SYT7,0,10,0
SYT8,0,10,0
SYT9,0,10,0
SYTL2,0,10,0
SYVN1,0,10,0
TAAR1,10,0,5
TAAR2,10,0,5
TAAR5,10,0,5
TAAR6,10,0,5
TAAR8,10,0,5
TAAR9,10,0,5
TACR1,10,0,5
TACR2,9,1,4
TACR3,10,0,5
TACSTD2,10,0,5
TAOK2,0,10,0
TAP1,4,6,2
TAP2,3,6,2
TAPBP,4,6,2
TAPBPL,0,10,0
TAPT1,7,3,3
TARM1,10,0,5
TAS1R1,10,0,5
TAS1R2,10,0,5
TAS1R3,10,0,5
TAS2R1,10,0,5
TAS2R10,10,0,5
TAS2R13,10,0,5
TAS2R14,10,0,5
TAS2R16,9,1,4
TAS2R19,10,0,5
TAS2R20,10,0,5
TAS2R3,10,0,5
TAS2R30,10,0,5
TAS2R31,9,1,4
TAS2R38,10,0,5
TAS2R39,10,0,5
TAS2R4,10,0,5
TAS2R40,9,1,4
TAS2R41,10,0,5
TAS2R42,10,0,5
TAS2R43,10,0,5
TAS2R46,10,0,5
TAS2R5,10,0,5
TAS2R50,10,0,5
TAS2R60,10,0,5
TAS2R7,10,0,5
TAS2R8,9,1,4
TAS2R9,10,0,5
TBC1D2,0,10,0
TBC1D9B,0,10,0
TBL2,0,10,0
TBXA2R,10,0,5
TCHP,0,10,0
TCIM,0,9,0
TCIRG1,1,9,1
TCTA,1,9,1
TCTN1,0,10,0
TCTN2,0,10,0
TDGF1,8,2,4
TDRKH,0,10,0
TECR,0,10,0
TECRL,5,5,3
TECTA,1,9,1
TECTB,0,10,0
TEDDM1,0,10,0
TEK,10,0,5
TENM1,10,0,5
TENM2,10,0,5
TENM3,10,0,5
TENM4,10,0,5
TES,0,10,0
TEX101,10,0,5
TEX2,0,10,0
TEX261,0,10,0
TEX264,0,10,0
TEX28,2,8,1
TEX29,0,10,0
TEX38,0,10,0
TEX46,0,10,0
TEX50,0,10,0
TEX51,0,10,0
TEX55,0,10,0
TF,10,0,5
TFPI,9,0,5
TFPI2,9,1,4
TFR2,10,0,5
TFRC,10,0,5
TGFA,10,0,5
TGFB1,6,4,3
TGFBR1,10,0,5
TGFBR2,10,0,5
TGFBR3,10,0,5
TGFBR3L,7,3,3
TGM1,0,10,0
TGM2,4,6,2
TGOLN2,0,10,0
THBD,8,0,5
THBS1,9,1,4
THBS2,8,2,4
THEM6,0,10,0
THOC3,0,10,0
THPO,6,4,3
THSD1,5,4,3
THSD4,6,4,3
THSD7A,9,0,5
THSD7B,4,6,2
THY1,10,0,5
TIAM1,0,10,0
TIE1,10,0,5
TIGIT,10,0,5
TIMD4,10,0,5
TIMM21,0,10,0
TIMM22,0,10,0
TIMM23B,0,10,0
TIMM50,0,10,0
TIMMDC1,0,10,0
TIMP1,6,4,3
TJP1,3,7,2
TJP2,1,9,1
TLCD2,0,10,0
TLL1,3,7,2
TLL2,0,10,0
TLN1,0,10,0
TLN2,0,10,0
TLR1,10,0,5
TLR10,10,0,5
TLR2,10,0,5
TLR3,8,2,4
TLR4,10,0,5
TLR5,10,0,5
TLR6,10,0,5
TLR7,5,5,3
TLR8,6,4,3
TLR9,1,9,1
TM2D1,0,10,0
TM2D2,0,10,0
TM2D3,2,8,1
TM4SF1,10,0,5
TM4SF18,10,0,5
TM4SF19,10,0,5
TM4SF20,10,0,5
TM4SF4,10,0,5
TM4SF5,9,0,5
TM6SF1,0,10,0
TM6SF2,2,8,1
TM7SF2,0,10,0
TM7SF3,9,1,4
TM9SF1,0,10,0
TM9SF2,0,10,0
TM9SF3,0,10,0
TM9SF4,0,10,0
TMBIM1,0,10,0
TMBIM4,0,10,0
TMBIM6,0,10,0
TMC1,5,5,3
TMC2,5,5,3
TMC3,6,4,3
TMC4,3,7,2
TMC5,3,7,2
TMC6,9,1,4
TMC7,4,6,2
TMC8,6,4,3
TMCC1,0,10,0
TMCC2,0,10,0
TMCC3,0,10,0
TMCO1,0,10,0
TMCO2,0,10,0
TMCO3,1,9,1
TMCO5A,0,10,0
TMED1,0,10,0
TMED10,0,10,0
TMED2,0,9,0
TMED3,0,10,0
TMED4,0,10,0
TMED5,0,10,0
TMED6,0,10,0
TMED7,0,10,0
TMED8,0,10,0
TMED9,0,10,0
TMEFF1,10,0,5
TMEFF2,10,0,5
TMEM100,8,2,4
TMEM101,1,9,1
TMEM104,4,6,2
TMEM106A,2,8,1
TMEM106B,0,10,0
TMEM106C,2,8,1
TMEM107,1,9,1
TMEM108,6,4,3
TMEM109,3,7,2
TMEM11,4,6,2
TMEM114,5,5,3
TMEM115,5,5,3
TMEM116,3,7,2
TMEM117,3,7,2
TMEM119,7,3,3
TMEM120A,2,8,1
TMEM120B,3,7,2
TMEM121,0,10,0
TMEM121B,0,10,0
TMEM123,7,3,3
TMEM125,0,10,0
TMEM126A,0,10,0
TMEM126B,0,10,0
TMEM127,0,10,0
TMEM128,3,7,2
TMEM129,1,9,1
TMEM130,6,4,3
TMEM131,8,2,4
TMEM131L,3,7,2
TMEM132A,8,2,4
TMEM132B,7,3,3
TMEM132C,7,3,3
TMEM132D,5,5,3
TMEM132E,5,5,3
TMEM134,2,8,1
TMEM135,0,10,0
TMEM138,4,6,2
TMEM139,2,8,1
TMEM140,9,1,4
TMEM141,5,5,3
TMEM143,6,4,3
TMEM144,3,7,2
TMEM145,3,7,2
TMEM147,1,9,1
TMEM14A,6,4,3
TMEM14B,3,7,2
TMEM14C,8,2,4
TMEM150A,5,5,3
TMEM150B,5,5,3
TMEM150C,5,5,3
TMEM151A,3,7,2
TMEM151B,5,5,3
TMEM154,9,1,4
TMEM156,3,7,2
TMEM158,6,4,3
TMEM159,4,6,2
TMEM160,4,6,2
TMEM161A,2,8,1
TMEM161B,0,10,0
TMEM163,3,7,2
TMEM164,4,6,2
TMEM165,2,8,1
TMEM167A,2,8,1
TMEM167B,0,10,0
TMEM168,4,6,2
TMEM169,7,3,3
TMEM17,7,3,3
TMEM170A,3,7,2
TMEM170B,4,6,2
TMEM171,6,4,3
TMEM173,9,1,4
TMEM174,6,4,3
TMEM175,0,10,0
TMEM176A,4,6,2
TMEM176B,6,4,3
TMEM177,3,7,2
TMEM178A,3,7,2
TMEM178B,3,7,2
TMEM179,5,4,3
TMEM179B,3,7,2
TMEM18,3,7,2
TMEM181,7,3,3
TMEM182,5,5,3
TMEM183A,3,7,2
TMEM184A,7,3,3
TMEM184B,6,4,3
TMEM184C,6,4,3
TMEM185A,4,6,2
TMEM185B,3,7,2
TMEM186,5,5,3
TMEM187,6,4,3
TMEM189,5,5,3
TMEM19,1,9,1
TMEM190,5,5,3
TMEM191B,2,8,1
TMEM191C,3,7,2
TMEM192,0,10,0
TMEM196,4,6,2
TMEM198,1,9,1
TMEM199,0,10,0
TMEM200A,2,8,1
TMEM200B,1,9,1
TMEM200C,0,9,0
TMEM201,4,6,2
TMEM202,1,9,1
TMEM203,6,4,3
TMEM204,6,4,3
TMEM205,4,6,2
TMEM207,8,2,4
TMEM208,3,7,2
TMEM209,1,9,1
TMEM210,4,5,2
TMEM211,2,8,1
TMEM212,6,4,3
TMEM213,5,5,3
TMEM214,5,4,3
TMEM215,5,5,3
TMEM216,2,8,1
TMEM217,6,4,3
TMEM218,6,4,3
TMEM219,8,2,4
TMEM220,7,3,3
TMEM221,9,1,4
TMEM222,5,5,3
TMEM223,8,2,4
TMEM225,2,8,1
TMEM225B,1,9,1
TMEM229A,1,9,1
TMEM229B,1,9,1
TMEM230,4,6,2
TMEM231,3,7,2
TMEM233,4,6,2
TMEM234,3,7,2
TMEM235,5,5,3
TMEM236,7,3,3
TMEM237,4,6,2
TMEM238,5,5,3
TMEM238L,2,8,1
TMEM239,1,8,1
TMEM240,3,7,2
TMEM241,0,10,0
TMEM242,2,8,1
TMEM243,0,10,0
TMEM244,2,8,1
TMEM245,3,7,2
TMEM246,3,7,2
TMEM248,5,5,3
TMEM249,3,7,2
TMEM25,7,3,3
TMEM251,2,8,1
TMEM252,1,9,1
TMEM253,4,6,2
TMEM254,2,8,1
TMEM255A,1,9,1
TMEM255B,0,10,0
TMEM256,2,8,1
TMEM258,4,6,2
TMEM259,5,5,3
TMEM26,10,0,5
TMEM260,2,8,1
TMEM262,5,5,3
TMEM265,0,10,0
TMEM266,3,7,2
TMEM267,4,6,2
TMEM268,2,8,1
TMEM269,5,5,3
TMEM271,3,7,2
TMEM272,5,5,3
TMEM273,4,6,2
TMEM30A,1,9,1
TMEM30B,1,9,1
TMEM33,0,10,0
TMEM35A,3,7,2
TMEM35B,0,10,0
TMEM37,8,2,4
TMEM38A,4,6,2
TMEM38B,4,6,2
TMEM39A,0,10,0
TMEM39B,2,8,1
TMEM40,6,4,3
TMEM41A,0,10,0
TMEM41B,1,9,1
TMEM42,6,4,3
TMEM43,5,4,3
TMEM44,7,3,3
TMEM45A,3,7,2
TMEM45B,6,4,3
TMEM47,4,6,2
TMEM50A,0,10,0
TMEM50B,0,10,0
TMEM51,0,10,0
TMEM52,1,9,1
TMEM52B,1,9,1
TMEM53,1,9,1
TMEM54,4,6,2
TMEM59,8,2,4
TMEM59L,4,6,2
TMEM60,7,3,3
TMEM61,3,7,2
TMEM62,6,4,3
TMEM63A,10,0,5
TMEM63B,9,1,4
TMEM63C,8,2,4
TMEM64,5,5,3
TMEM65,4,6,2
TMEM67,2,8,1
TMEM68,3,7,2
TMEM69,2,8,1
TMEM70,0,10,0
TMEM71,5,5,3
TMEM72,4,6,2
TMEM74,2,8,1
TMEM74B,1,9,1
TMEM79,8,2,4
TMEM80,4,6,2
TMEM81,5,5,3
TMEM82,3,7,2
TMEM86A,3,7,2
TMEM86B,2,8,1
TMEM87A,6,4,3
TMEM87B,6,4,3
TMEM88,7,3,3
TMEM88B,7,3,3
TMEM89,7,3,3
TMEM8A,9,1,4
TMEM8B,3,7,2
TMEM9,3,6,2
TMEM91,2,8,1
TMEM92,4,6,2
TMEM94,7,3,3
TMEM95,6,4,3
TMEM97,0,10,0
TMEM98,6,4,3
TMEM9B,2,8,1
TMIE,10,0,5
TMIGD1,10,0,5
TMIGD2,10,0,5
TMIGD3,9,1,4
TMPO,0,9,0
TMPPE,0,10,0
TMPRSS11A,9,0,5
TMPRSS11B,10,0,5
TMPRSS11D,10,0,5
TMPRSS11E,9,1,4
TMPRSS11F,10,0,5
TMPRSS13,9,1,4
TMPRSS15,7,2,4
TMPRSS2,9,1,4
TMPRSS3,10,0,5
TMPRSS4,10,0,5
TMPRSS5,7,3,3
TMPRSS6,4,5,2
TMPRSS7,10,0,5
TMPRSS9,8,2,4
TMTC1,0,10,0
TMTC2,0,10,0
TMTC3,0,10,0
TMTC4,1,9,1
TMUB1,0,10,0
TMUB2,0,10,0
TMX1,0,10,0
TMX2,0,10,0
TMX3,0,10,0
TMX4,0,10,0
TNC,10,0,5
TNF,10,0,5
TNFRSF10A,10,0,5
TNFRSF10B,10,0,5
TNFRSF10C,10,0,5
TNFRSF10D,10,0,5
TNFRSF11A,10,0,5
TNFRSF11B,6,4,3
TNFRSF12A,10,0,5
TNFRSF13B,10,0,5
TNFRSF13C,10,0,5
TNFRSF14,10,0,5
TNFRSF17,10,0,5
TNFRSF18,10,0,5
TNFRSF19,10,0,5
TNFRSF1A,10,0,5
TNFRSF1B,9,0,5
TNFRSF21,10,0,5
TNFRSF25,10,0,5
TNFRSF4,10,0,5
TNFRSF8,10,0,5
TNFRSF9,10,0,5
TNFSF10,10,0,5
TNFSF11,10,0,5
TNFSF12,10,0,5
TNFSF13,10,0,5
TNFSF13B,10,0,5
TNFSF14,9,0,5
TNFSF15,10,0,5
TNFSF18,10,0,5
TNFSF4,10,0,5
TNFSF8,10,0,5
TNFSF9,10,0,5
TNK1,0,10,0
TNK2,0,10,0
TNMD,4,6,2
TNS1,0,10,0
TNS3,1,9,1
TNXB,3,7,2
TOMM22,0,10,0
TOMM5,0,10,0
TOMM6,0,9,0
TOMM7,0,10,0
TOR1A,0,10,0
TOR1B,0,10,0
TOR2A,0,10,0
TP53I11,0,10,0
TP53I13,0,10,0
TPBG,10,0,5
TPBGL,0,10,0
TPCN1,0,10,0
TPCN2,0,10,0
TPD52,0,10,0
TPD52L1,0,10,0
TPO,8,2,4
TPRA1,10,0,5
TPSG1,1,9,1
TPST1,0,10,0
TPST2,0,10,0
TPTE,1,9,1
TPTE2,0,10,0
TRAF3IP3,0,10,0
TRAM1,0,10,0
TRAM1L1,0,10,0
TRAM2,0,10,0
TRARG1,0,10,0
TRAT1,9,1,4
TRBV9,10,0,5
TRDN,1,9,1
TREH,6,4,3
TREM1,10,0,5
TREM2,9,0,5
TREML1,10,0,5
TREML2,10,0,5
TREML4,10,0,5
TREX1,0,10,0
TRGC2,10,0,5
TRHDE,0,10,0
TRHR,9,0,5
TRIL,9,1,4
TRIM13,0,10,0
TRIM38,0,10,0
TRIM44,0,10,0
TRIM55,0,10,0
TRIM59,0,9,0
TRIM62,0,10,0
TRIO,0,9,0
TRIP11,0,10,0
TRIQK,0,10,0
TRO,7,3,3
TRPA1,10,0,5
TRPC1,9,1,4
TRPC3,8,2,4
TRPC4,7,3,3
TRPC5,7,3,3
TRPC6,10,0,5
TRPC7,7,3,3
TRPM1,9,1,4
TRPM2,9,1,4
TRPM3,10,0,5
TRPM4,10,0,5
TRPM5,8,2,4
TRPM6,10,0,5
TRPM7,10,0,5
TRPM8,10,0,5
TRPV1,10,0,5
TRPV2,9,1,4
TRPV3,10,0,5
TRPV4,10,0,5
TRPV5,10,0,5
TRPV6,10,0,5
TSG101,0,10,0
TSHR,10,0,5
TSLP,10,0,5
TSNARE1,2,8,1
TSPAN1,10,0,5
TSPAN10,9,0,5
TSPAN11,10,0,5
TSPAN12,10,0,5
TSPAN13,10,0,5
TSPAN14,10,0,5
TSPAN15,10,0,5
TSPAN16,10,0,5
TSPAN17,10,0,5
TSPAN18,10,0,5
TSPAN19,10,0,5
TSPAN2,10,0,5
TSPAN3,10,0,5
TSPAN31,10,0,5
TSPAN32,10,0,5
TSPAN33,10,0,5
TSPAN4,10,0,5
TSPAN5,10,0,5
TSPAN6,10,0,5
TSPAN7,10,0,5
TSPAN8,10,0,5
TSPAN9,10,0,5
TSPO,7,3,3
TSPO2,0,9,0
TTC17,0,10,0
TTC30B,0,10,0
TTR,0,10,0
TTYH1,10,0,5
TTYH2,10,0,5
TTYH3,8,2,4
TUB,0,10,0
TUNAR,0,10,0
TUSC3,1,9,1
TVP23A,0,10,0
TVP23B,0,10,0
TVP23C,0,10,0
TXNDC11,0,10,0
TXNDC15,0,10,0
TYR,3,7,2
TYRO3,10,0,5
TYROBP,7,3,3
TYRP1,6,3,3
TYRP3,1,0,5
TYW1,0,10,0
UBAC2,0,10,0
UBE2J1,0,10,0
UBE2J2,0,10,0
UBE2W,0,10,0
UBIAD1,0,10,0
UBXN8,0,10,0
UCP2,0,10,0
UGCG,0,10,0
UGT1A1,0,10,0
UGT1A10,0,10,0
UGT1A3,0,10,0
UGT1A4,0,9,0
UGT1A5,0,10,0
UGT1A6,0,10,0
UGT1A7,0,10,0
UGT1A8,0,10,0
UGT1A9,0,10,0
UGT2A1,0,10,0
UGT2A2,0,10,0
UGT2A3,0,10,0
UGT2B10,0,10,0
UGT2B11,0,10,0
UGT2B15,0,10,0
UGT2B17,0,10,0
UGT2B28,0,10,0
UGT2B4,0,10,0
UGT2B7,0,10,0
UGT3A1,0,10,0
UGT3A2,0,10,0
UGT8,0,10,0
ULBP1,10,0,5
ULBP2,9,0,5
ULBP3,10,0,5
UMOD,9,1,4
UMODL1,8,2,4
UNC45A,0,10,0
UNC50,0,10,0
UNC5A,10,0,5
UNC5B,10,0,5
UNC5C,10,0,5
UNC5CL,9,1,4
UNC5D,10,0,5
UNC93A,7,3,3
UNC93B1,5,5,3
UPK1A,9,1,4
UPK1B,7,3,3
UPK2,9,1,4
UPK3A,10,0,5
UPK3B,9,1,4
UPK3BL1,5,5,3
UQCR10,0,10,0
UQCR11,0,10,0
UQCRQ,0,10,0
USE1,0,10,0
USH2A,10,0,5
USP30,0,10,0
UST,6,4,3
UTRN,8,2,4
UTS2R,10,0,5
UXS1,0,10,0
VAMP1,5,5,3
VAMP2,8,2,4
VAMP3,3,7,2
VAMP4,3,7,2
VAMP5,5,5,3
VAMP7,2,8,1
VAMP8,2,8,1
VANGL1,7,2,4
VANGL2,7,2,4
VANGL3,1,0,5
VANGL5,0,1,0
VAPA,0,10,0
VAPB,0,10,0
VASN,10,0,5
VCAM1,10,0,5
VCAN,9,1,4
VDAC1,0,10,0
VEGFA,8,2,4
VEGFB,8,2,4
VEGFC,7,3,3
VEZT,9,1,4
VIL1,3,7,2
VIPR1,10,0,5
VIPR2,10,0,5
VKORC1,0,10,0
VKORC1L1,0,10,0
VLDLR,10,0,5
VMA21,0,10,0
VMP1,0,9,0
VN1R1,5,5,3
VN1R2,7,3,3
VN1R4,6,4,3
VNN1,10,0,5
VNN2,10,0,5
VNN3,10,0,5
VOPP1,0,10,0
VPS37C,0,10,0
VPS50,0,10,0
VRK2,0,10,0
VSIG1,10,0,5
VSIG10,10,0,5
VSIG10L,9,0,5
VSIG10L2,9,1,4
VSIG2,10,0,5
VSIG4,10,0,5
VSIG8,10,0,5
VSIR,10,0,5
VSTM1,10,0,5
VSTM4,10,0,5
VSTM5,10,0,5
VTCN1,10,0,5
VTI1A,0,10,0
VTI1B,0,10,0
VTN,10,0,5
VWA5B1,0,10,0
VWF,10,0,5
WAS,1,9,1
WASHC5,0,10,0
WBP1,0,10,0
WBP1L,0,9,0
WBP2NL,0,10,0
WDR17,0,10,0
WDR45,0,10,0
WDR83OS,0,10,0
WFS1,1,9,1
WIPF1,0,10,0
WLS,8,2,4
WNT11,9,0,5
WNT5A,10,0,5
WNT5B,10,0,5
WSCD1,0,8,0
WSCD11,0,1,0
WSCD2,0,9,0
WT1,0,10,0
WWP1,0,10,0
XAGE2,0,10,0
XAGE3,0,10,0
XCR1,10,0,5
XG,9,0,5
XIRP2,0,10,0
XK,10,0,5
XKR3,10,0,5
XKR4,10,0,5
XKR5,10,0,5
XKR6,10,0,5
XKR7,10,0,5
XKR8,10,0,5
XKR9,10,0,5
XKRX,9,1,4
XPNPEP2,6,4,3
XPR1,10,0,5
XXYLT1,0,10,0
XYLT1,0,10,0
XYLT2,0,10,0
YAE1,0,10,0
YBX1,0,10,0
YES1,0,9,0
YIF1A,0,10,0
YIF1B,0,10,0
YIPF1,0,10,0
YIPF2,0,9,0
YIPF3,0,10,0
YIPF4,0,10,0
YIPF5,0,10,0
YIPF6,0,10,0
YIPF7,0,10,0
YME1L1,0,10,0
YOD1,0,10,0
ZACN,0,10,0
ZAN,9,1,4
ZBTB11,0,10,0
ZDHHC1,0,10,0
ZDHHC11,0,10,0
ZDHHC11B,0,10,0
ZDHHC12,0,10,0
ZDHHC13,0,10,0
ZDHHC14,0,10,0
ZDHHC15,0,10,0
ZDHHC16,0,10,0
ZDHHC17,0,10,0
ZDHHC18,0,10,0
ZDHHC19,0,10,0
ZDHHC2,0,10,0
ZDHHC20,0,10,0
ZDHHC21,0,10,0
ZDHHC22,0,10,0
ZDHHC23,0,10,0
ZDHHC24,0,10,0
ZDHHC3,0,10,0
ZDHHC4,0,10,0
ZDHHC5,0,10,0
ZDHHC6,0,10,0
ZDHHC7,0,10,0
ZDHHC8,0,10,0
ZFPL1,0,10,0
ZFYVE27,0,10,0
ZFYVE28,0,10,0
ZG16B,9,1,4
ZMPSTE24,0,10,0
ZNF185,0,9,0
ZNRF3,10,0,5
ZNRF4,0,10,0
ZP1,5,4,3
ZP2,4,6,2
ZP3,8,2,4
ZP4,7,3,3
ZPLD1,1,9,1
ZYX,0,10,0
